,id,file,topic-00,topic-01,topic-02,topic-03,topic-04,topic-05,topic-06,topic-07,topic-08,topic-09,topic-10,topic-11,topic-12,topic-13,topic-14,topic-15,topic-16,topic-17,topic-18,topic-19,para_nums,titles
0,1,file:/Users/csb5t/projects/barth/mallet_scripts/../texts/paragraphs/01-02-01-the_task_of_dogmatics.txt,0.118073245,0.000411,0.01985506,4.6299999999999994e-05,3.96e-05,0.002181959,4.66e-05,0.005135961,0.26799243100000003,0.017800606,0.120003557,0.045697844,0.00217154,0.198647618,0.169399766,0.000233,0.016095744,0.002298473,0.007042378,0.006827436,01,the_task_of_dogmatics.txt
1,2,file:/Users/csb5t/projects/barth/mallet_scripts/../texts/paragraphs/01-03-02-the_task_of_prolegomena_to_dogmatics.txt,0.236979374,0.000306,0.026028607000000002,6.37e-05,0.005504124,0.000667,0.007589726,0.0075875280000000005,0.166938909,0.005035855,0.20460304699999998,0.005542753,0.001172122,0.277806328,0.042146932000000005,0.0013588110000000001,0.01021509,4.93e-05,0.00035,5.429999999999999e-05,02,the_task_of_prolegomena_to_dogmatics.txt
2,3,file:/Users/csb5t/projects/barth/mallet_scripts/../texts/paragraphs/01-04-03-church_proclamation_as_the_material_of_dogmatics.txt,0.162182048,0.006310095,0.045663102000000004,2.8100000000000002e-05,0.0018537579999999998,0.002809996,2.8300000000000003e-05,0.002543153,0.062816667,0.054937968,0.151802674,0.028516064,0.000974,0.347821583,0.076095007,0.001170585,0.010905578999999999,2.17e-05,0.036977402,0.006542319,03,church_proclamation_as_the_material_of_dogmatics.txt
3,4,file:/Users/csb5t/projects/barth/mallet_scripts/../texts/paragraphs/01-05-04-the_word_of_god_in_its_threefold_form.txt,0.092372152,0.003501208,0.06697612900000001,2.8499999999999998e-05,0.00037200000000000004,0.009695681999999999,0.001536874,0.0015358910000000002,0.060595205,0.006543958000000001,0.14019822699999998,0.042039394,0.026163521000000002,0.324325787,0.17569599,0.017893843,0.013616081,2.2e-05,0.016282747,0.000604,04,the_word_of_god_in_its_threefold_form.txt
4,5,file:/Users/csb5t/projects/barth/mallet_scripts/../texts/paragraphs/01-06-05-the_nature_of_the_word_of_god.txt,0.144120374,0.00555262,0.16117843099999998,0.008435213,0.007857125,0.01327903,0.008795064,0.00857862,0.19276224100000003,0.0018278139999999999,0.150396669,0.013695378000000001,0.020685387,0.113423409,0.115357553,0.003038682,0.019523273,0.005121761,0.000529,0.005842607,05,the_nature_of_the_word_of_god.txt
5,6,file:/Users/csb5t/projects/barth/mallet_scripts/../texts/paragraphs/01-07-06-the_knowability_of_the_word_of_god.txt,0.115313036,0.000676,0.16659664300000002,0.000755,1.55e-05,0.012271846000000001,0.0016390089999999999,0.011289533999999999,0.372733384,0.004229246,0.12402393,0.024559529,0.0051215029999999995,0.051904772,0.102141119,1.74e-05,0.00422617,1.4000000000000001e-05,0.002162251,0.00031,06,the_knowability_of_the_word_of_god.txt
6,7,file:/Users/csb5t/projects/barth/mallet_scripts/../texts/paragraphs/01-08-07-the_word_of_god_dogma_and_dogmatics.txt,0.21622960300000002,0.014059475,0.03249297,2.7600000000000003e-05,0.000136,6.42e-05,0.000252,0.0012622689999999999,0.08404561,0.007346059,0.17200407,0.001163481,0.008818631,0.4283175,0.022060251,0.001823572,0.008239891,2.13e-05,0.001611649,2.35e-05,07,the_word_of_god_dogma_and_dogmatics.txt
7,8,file:/Users/csb5t/projects/barth/mallet_scripts/../texts/paragraphs/01-09-08-god_in_his_revelation.txt,0.17442749800000001,0.00184781,0.06886539400000001,0.014068418000000001,0.014327098,0.000312,0.0006320000000000001,0.004121501,0.053509615999999996,0.00116963,0.14565620199999998,0.034145499999999995,0.016360563,0.085288053,0.35531208,0.015114602,0.013555277,1.66e-05,0.001251958,1.83e-05,08,god_in_his_revelation.txt
8,9,file:/Users/csb5t/projects/barth/mallet_scripts/../texts/paragraphs/01-10-09-the_triunity_of_god.txt,0.136385907,2.23e-05,0.016505689,3.06e-05,2.62e-05,0.000196,0.000405,0.0073904980000000006,0.0252387,0.0035438440000000004,0.10946778,0.10970716,0.000688,0.053213075,0.513805438,0.015873745,0.0031643609999999996,2.37e-05,0.001166405,0.003145075,09,the_triunity_of_god.txt
9,10,file:/Users/csb5t/projects/barth/mallet_scripts/../texts/paragraphs/01-11-10-god_the_father.txt,0.080838261,5.94e-05,0.137045003,0.000414,0.020678064,0.038082627,0.0007469999999999999,0.015036878,0.008742231,0.0008,0.07958762,0.047651152,0.044379674,0.002835305,0.46515143,0.027666897000000003,0.0300361,6.31e-05,0.00011599999999999999,6.96e-05,10,god_the_father.txt
10,11,file:/Users/csb5t/projects/barth/mallet_scripts/../texts/paragraphs/01-12-11-god_the_son.txt,0.12043917300000001,1.6100000000000002e-05,0.082415697,0.003726031,0.036967321000000004,0.02778551,2.23e-05,0.002460689,0.050887617999999996,0.00085,0.091462054,0.05486773599999999,0.018023991,0.034918436000000004,0.441158893,0.014023761000000001,0.01475801,0.00010800000000000001,3.16e-05,0.0050778559999999995,11,god_the_son.txt
11,12,file:/Users/csb5t/projects/barth/mallet_scripts/../texts/paragraphs/01-13-12-god_the_holy_spirit.txt,0.07740905599999999,1.82e-05,0.089012099,0.0036859009999999997,0.00378402,0.022430647999999997,2.51e-05,0.010803732,0.025860658999999998,4.13e-05,0.10367001199999999,0.053018602000000005,0.01815392,0.0162231,0.51471068,0.010295019,0.019663775,0.01262926,0.01447594,0.004089016,12,god_the_holy_spirit.txt
12,14,file:/Users/csb5t/projects/barth/mallet_scripts/../texts/paragraphs/02-02-13-god's_freedom_for_man.txt,0.224084547,0.000433,0.15800483099999998,0.005101288,2.18e-05,0.027821174,2.56e-05,0.006136485,0.060112952000000004,0.00035299999999999996,0.092757984,0.016300706,0.044700497,0.025434272,0.312260831,0.017841817,0.00324897,0.005302731,3.6200000000000006e-05,2.17e-05,13,god's_freedom_for_man.txt
13,15,file:/Users/csb5t/projects/barth/mallet_scripts/../texts/paragraphs/02-03-14-the_time_of_revelation.txt,0.167191352,1.05e-05,0.061684153,0.060742965,0.017597819,0.035380381,0.013965646000000002,0.000131,0.026747606,0.0028960809999999996,0.11696936599999999,0.008227613,0.31903121,0.028871286,0.10541999699999999,0.003882655,0.027396092,0.001359358,0.001016989,0.001477732,14,the_time_of_revelation.txt
14,16,file:/Users/csb5t/projects/barth/mallet_scripts/../texts/paragraphs/02-04-15-the_mystery_of_revelation.txt,0.167187284,0.017288089,0.106361669,0.000105,0.011904285,0.038519824,0.010173358,0.014996298,0.018605019,0.002126283,0.06782830299999999,0.02469544,0.01983266,0.036972516000000004,0.41281269600000003,0.036396814,0.004278439,0.0024908079999999997,6.32e-05,0.007361881999999999,15,the_mystery_of_revelation.txt
15,17,file:/Users/csb5t/projects/barth/mallet_scripts/../texts/paragraphs/02-05-16-the_freedom_of_man_for_god.txt,0.179585897,0.0009119999999999999,0.137106629,0.010606858,1.18e-05,0.060209680999999994,0.000239,0.008521681,0.045769858,0.013095116,0.115590304,0.014782864,0.012537913999999999,0.074575526,0.229125845,0.0018163779999999998,0.043463217,0.011617965,0.036588189,0.003843321,16,the_freedom_of_man_for_god.txt
16,18,file:/Users/csb5t/projects/barth/mallet_scripts/../texts/paragraphs/02-06-17-the_revelation_of_god_as_the_abolition_of_religion.txt,0.232930002,0.006151271,0.06400697,0.02153574,0.014657078999999998,0.083811703,0.014764006000000001,0.01014402,0.22185875800000002,0.010940213,0.154672744,0.011410217,0.012520887,0.040133839,0.02595414,0.001639737,0.022329388999999998,0.005049472,0.035714791,0.009775021,17,the_revelation_of_god_as_the_abolition_of_religion.txt
17,19,file:/Users/csb5t/projects/barth/mallet_scripts/../texts/paragraphs/02-07-18-the_life_of_the_children_of_god.txt,0.157579639,0.003801177,0.15800614300000002,0.00754379,1.11e-05,0.10725285,0.000487,0.000381,0.016446845,0.01592572,0.15395836699999998,0.024823381000000002,0.014351666,0.023989771,0.055107725,0.0024349560000000003,0.002547012,0.23778534899999998,0.017291999,0.00027400000000000005,18,the_life_of_the_children_of_god.txt
18,20,file:/Users/csb5t/projects/barth/mallet_scripts/../texts/paragraphs/02-08-19-the_word_of_god_for_the_church.txt,0.178000505,0.000373,0.05318419,0.017147129,0.0017243529999999999,0.014204516,0.0006360000000000001,0.000584,0.028469107,0.00204604,0.138344123,0.025720229,0.025624574,0.334148135,0.144781119,0.007229477,0.011389903,9.86e-06,0.009468014,0.006916551,19,the_word_of_god_for_the_church.txt
19,21,file:/Users/csb5t/projects/barth/mallet_scripts/../texts/paragraphs/02-09-20-authority_in_the_church.txt,0.20134248800000001,7.72e-05,0.016517059,0.000611,7.45e-06,0.007883816,0.004471851,0.002487951,0.008440962,0.012978608,0.173403405,0.009363971,0.011282314,0.464322633,0.037703036,0.004790257,0.011454008,0.001494429,0.023390505,0.007977234,20,authority_in_the_church.txt
20,22,file:/Users/csb5t/projects/barth/mallet_scripts/../texts/paragraphs/02-10-21-freedom_in_the_church.txt,0.270259729,0.0038434209999999996,0.11146623800000001,0.0053215369999999994,0.001132777,0.017370159,0.0008990000000000001,0.012102396000000001,0.015172386999999999,0.034284006,0.168436965,0.024905432,0.026212016,0.243271935,0.008279837,0.0033161040000000003,0.011461145,1.12e-05,0.042241285,1.23e-05,21,freedom_in_the_church.txt
21,23,file:/Users/csb5t/projects/barth/mallet_scripts/../texts/paragraphs/02-11-22-the_mission_of_the_church.txt,0.306343485,0.03012467,0.075942581,2.1e-05,0.00010400000000000001,0.01180115,0.006797943000000001,0.0023365729999999998,0.050808535,0.029286327999999997,0.123734833,0.006807547,0.002360434,0.285783966,0.028343416,2.0300000000000002e-05,0.006207496999999999,1.63e-05,0.027651641,0.0055079840000000005,22,the_mission_of_the_church.txt
22,24,file:/Users/csb5t/projects/barth/mallet_scripts/../texts/paragraphs/02-12-23-dogmatics_as_a_function_of_the_hearing_church.txt,0.277041754,0.005162369,0.020311779,2.4299999999999998e-05,0.00011999999999999999,0.0015406410000000001,0.005465945,0.002002335,0.008241505,0.02101464,0.152702297,0.007455748000000001,0.001535174,0.448629692,0.013793079,2.34e-05,0.000135,0.00041500000000000006,0.032089928,0.002296251,23,dogmatics_as_a_function_of_the_hearing_church.txt
23,25,file:/Users/csb5t/projects/barth/mallet_scripts/../texts/paragraphs/02-13-24-dogmatics_as_a_function_of_the_teaching_church.txt,0.24281653600000003,0.016725074,0.117893408,2.8499999999999998e-05,0.00014,0.033707051,0.000493,0.0025797339999999998,0.005139034000000001,0.018607448000000002,0.150042167,0.03925046,0.004236035,0.301783701,0.02568452,0.000491,0.006886363,0.000138,0.0070006669999999995,0.026356832,24,dogmatics_as_a_function_of_the_teaching_church.txt
24,26,file:/Users/csb5t/projects/barth/mallet_scripts/../texts/paragraphs/03-01-25-the_fulfilment_of_the_knowledge_of_god.txt,0.138859025,0.000258,0.277790697,0.008535359000000001,0.00099,0.035730231,2e-05,1.9399999999999997e-05,0.252487575,0.00011399999999999999,0.109276915,0.052500582000000004,0.021046716,0.01034264,0.048450032000000004,0.000668,0.000759,0.023453201,0.002947918,0.01575031,25,the_fulfilment_of_the_knowledge_of_god.txt
25,27,file:/Users/csb5t/projects/barth/mallet_scripts/../texts/paragraphs/03-02-26-the_knowability_of_god.txt,0.253067787,7.38e-06,0.16792073100000002,0.008265205,0.026961506,0.080386795,0.004715594,0.005293099,0.21064074100000002,0.004061735,0.144316936,0.0017483870000000001,0.01900801,0.053267130999999995,0.001379164,0.00752187,0.001542212,4.91e-05,0.009796686,4.99e-05,26,the_knowability_of_god.txt
26,28,file:/Users/csb5t/projects/barth/mallet_scripts/../texts/paragraphs/03-03-27-the_limits_of_the_knowledge_of_god.txt,0.16951861899999998,0.0035359859999999996,0.09463531800000001,0.003478266,0.000199,0.020566575,0.001994192,0.001066053,0.397470473,0.003488184,0.121421035,0.083012774,0.0015779829999999998,0.016977202,0.076770216,0.0029211320000000003,0.000146,0.001186727,2.1600000000000003e-05,1.29e-05,27,the_limits_of_the_knowledge_of_god.txt
27,29,file:/Users/csb5t/projects/barth/mallet_scripts/../texts/paragraphs/03-04-28-the_being_of_god_as_the_one_who_loves_in_freedom.txt,0.24560071,0.000156,0.100648189,8.92e-05,1.51e-05,0.016298788999999998,1.77e-05,0.041771755,0.018356375,0.005830307,0.135537237,0.309282386,0.005193678,0.015579578,0.06756762,0.007680294,0.002890882,0.021786193,0.000526,0.0051716620000000005,28,the_being_of_god_as_the_one_who_loves_in_freedom.txt
28,30,file:/Users/csb5t/projects/barth/mallet_scripts/../texts/paragraphs/03-05-29-the_perfections_of_god.txt,0.23206108,0.002596731,0.0054873380000000005,3.71e-05,0.00048499999999999997,0.001446909,0.00200243,0.018931056,0.033754168,0.002177568,0.122959539,0.461394222,0.000229,0.01519611,0.09937457599999999,3.570000000000001e-05,5.5e-05,0.0016914760000000001,5.28e-05,3.17e-05,29,the_perfections_of_god.txt
29,31,file:/Users/csb5t/projects/barth/mallet_scripts/../texts/paragraphs/03-06-30-the_perfections_of_the_divine_loving.txt,0.12374592400000001,0.00035800000000000003,0.088772512,0.049102314,0.013027243999999999,0.274367999,0.040336041,0.00022999999999999998,0.007157773,0.009222451,0.129848945,0.190289367,0.023998619,0.0034859409999999998,0.032804283,0.004174369,1.6e-05,0.0072405659999999995,0.000541,0.001280299,30,the_perfections_of_the_divine_loving.txt
30,32,file:/Users/csb5t/projects/barth/mallet_scripts/../texts/paragraphs/03-07-31-the_perfections_of_the_divine_freedom.txt,0.152293645,2.08e-05,0.058500965,0.01025123,0.015921735,0.035821238,0.007088857,0.003449293,0.008679846,0.006490979,0.15468289300000002,0.4317893,0.032922863999999996,0.008295216,0.031172004,0.011434761000000002,0.004741202,0.000145,0.001984883,0.024313573999999998,31,the_perfections_of_the_divine_freedom.txt
31,34,file:/Users/csb5t/projects/barth/mallet_scripts/../texts/paragraphs/04-02-32-the_problem_of_a_correct_doctrine_of_the_election_of_grace.txt,0.174890565,0.00045700000000000005,0.064055904,0.032795677,5.44e-05,0.029307331000000002,0.003199742,0.0012232999999999999,0.01622621,1.82e-05,0.120155339,0.090286213,6.809999999999999e-05,0.05261399,0.098866571,0.000999,1.63e-05,8.53e-06,0.000106,0.314652306,32,the_problem_of_a_correct_doctrine_of_the_election_of_grace.txt
32,35,file:/Users/csb5t/projects/barth/mallet_scripts/../texts/paragraphs/04-03-33-the_election_of_jesus_christ.txt,0.14452803,7.36e-06,0.172875748,0.025840732999999998,4.99e-05,0.065321081,0.002028841,0.00021600000000000002,0.001165926,1.67e-05,0.11001458300000001,0.05661970400000001,0.013204385,2.18e-05,0.066468079,0.001451632,0.000262,7.83e-06,5.56e-05,0.33984408,33,the_election_of_jesus_christ.txt
33,36,file:/Users/csb5t/projects/barth/mallet_scripts/../texts/paragraphs/04-04-34-the_election_of_the_community.txt,0.11809467400000001,6.43e-06,0.109532301,0.45695405,0.002994841,0.085499865,0.00036899999999999997,4.46e-05,0.000407,0.00134628,0.168311047,4.8899999999999996e-05,0.031618939,0.000919,1.49e-05,0.000404,0.007823206,0.0013745060000000002,0.014121153000000001,0.00011599999999999999,34,the_election_of_the_community.txt
34,37,file:/Users/csb5t/projects/barth/mallet_scripts/../texts/paragraphs/04-05-35-the_election_of_the_individual.txt,0.11004001,3.51e-06,0.115149851,0.38406020799999996,0.005465657,0.081934148,0.013147883,4.69e-06,2.56e-05,0.009320071,0.154247683,0.013680518000000001,0.032464984,0.00105164,0.024152793999999998,0.00917922,0.011774973999999999,0.005661716999999999,0.015193052,0.013441828000000001,35,the_election_of_the_individual.txt
35,38,file:/Users/csb5t/projects/barth/mallet_scripts/../texts/paragraphs/04-06-36-ethics_as_a_task_of_the_doctrine_of_god.txt,0.252946701,0.264808504,0.16125737099999998,2.72e-05,2.33e-05,0.013702043,0.00024900000000000004,0.00734474,0.055142255999999994,0.000156,0.13321935,0.01046282,0.000833,0.035208696,0.005590025,2.62e-05,0.009132767,0.003901972,0.005582887,0.040384643,36,ethics_as_a_task_of_the_doctrine_of_god.txt
36,39,file:/Users/csb5t/projects/barth/mallet_scripts/../texts/paragraphs/04-07-37-the_command_as_the_claim_of_god.txt,0.118314313,0.188237319,0.235071315,0.02035365,0.000989,0.16286420599999998,0.009494498,1.3699999999999998e-05,1.73e-05,0.019558476,0.18210452,0.007432502,0.027378922000000003,0.001122126,0.000139,0.003058758,0.001399865,0.022246528999999998,0.000192,1.2e-05,37,the_command_as_the_claim_of_god.txt
37,40,file:/Users/csb5t/projects/barth/mallet_scripts/../texts/paragraphs/04-08-38-the_command_as_the_decision_of_god.txt,0.19003419800000002,0.237785086,0.126384206,0.028822951,0.004119007,0.077750926,1.1e-05,0.0028248540000000003,5.8099999999999996e-05,0.020030173999999998,0.199648802,0.003946978,0.027897012000000002,0.009940363,0.00010800000000000001,0.002467387,0.012389781,0.006842959,0.048928985999999994,9.35e-06,38,the_command_as_the_decision_of_god.txt
38,41,file:/Users/csb5t/projects/barth/mallet_scripts/../texts/paragraphs/04-09-39-the_command_as_the_judgment_of_god.txt,0.119658662,0.077582474,0.210735896,0.011633861,0.000135,0.38196165600000004,0.01364287,0.00025,0.000368,0.012656166000000002,0.141558909,0.0051737070000000005,0.012780161000000002,0.00084,4.6200000000000005e-05,0.000361,0.0007099999999999999,0.00560124,3.9e-05,0.004264197,39,the_command_as_the_judgment_of_god.txt
39,43,file:/Users/csb5t/projects/barth/mallet_scripts/../texts/paragraphs/05-02-40-faith_in_god_the_creator.txt,0.12303564300000001,1.92e-05,0.07845108,0.014891492,0.192083576,0.052520214,0.0005650000000000001,0.01984579,0.050659826,0.000259,0.168625871,0.08136565700000001,0.004579817,0.013198673999999999,0.130598603,0.028786109,0.011241863000000001,2.05e-05,0.011994311,0.017257412,40,faith_in_god_the_creator.txt
40,44,file:/Users/csb5t/projects/barth/mallet_scripts/../texts/paragraphs/05-03-41-creation_and_covenant.txt,0.109489806,0.004145973,0.125381445,0.008726461,0.426174575,0.014531935,0.004190581,0.01237544,0.0016471889999999999,0.006024695,0.189932878,0.020285948,0.037239732000000005,8.04e-05,0.02243839,0.007926729,0.001284649,0.005163807,0.00079,0.002169229,41,creation_and_covenant.txt
41,45,file:/Users/csb5t/projects/barth/mallet_scripts/../texts/paragraphs/05-04-42-the_yes_of_god_the_creator.txt,0.277591298,0.003685951,0.056319802,0.002218825,0.028163022000000003,0.024190327999999997,0.027744781,0.24865335800000002,0.021339891,0.014359911999999999,0.205490576,0.042719533,0.015888894,0.002653957,2.17e-05,6.49e-05,0.0072672019999999995,0.003739065,7.09e-05,0.017816076,42,the_yes_of_god_the_creator.txt
42,47,file:/Users/csb5t/projects/barth/mallet_scripts/../texts/paragraphs/06-02-43-man_as_a_problem_of_dogmatics.txt,0.216757648,1.64e-05,0.283448578,0.00956159,0.046614047,0.037841925,0.037903842,0.12054457,0.020848508,3.72e-05,0.146795555,3.289999999999999e-05,0.0030742259999999998,0.029399651000000002,0.004532324,0.032124357,0.0025098779999999997,0.000843,0.000858,0.0062563,43,man_as_a_problem_of_dogmatics.txt
43,48,file:/Users/csb5t/projects/barth/mallet_scripts/../texts/paragraphs/06-03-44-man_as_the_creature_of_god.txt,0.190211876,0.006302016999999999,0.331142406,0.000136,0.011346473999999999,0.004836955,0.0009400000000000001,0.168240306,0.014079922,0.016653192,0.189191539,0.018418505,0.004899428,0.002265697,0.013312566999999999,0.002384753,0.005472748,0.002736631,1.12e-05,0.017417857,44,man_as_the_creature_of_god.txt
44,49,file:/Users/csb5t/projects/barth/mallet_scripts/../texts/paragraphs/06-04-45-man_in_his_determination_as_the_covenant-partner_of_god.txt,0.13349755800000002,0.01888707,0.23736142600000001,0.007749253,0.032491344,0.022733187999999998,0.011071903000000001,0.022172906000000003,1.18e-05,0.011078103999999998,0.252338015,1.4000000000000001e-05,0.019330266999999998,0.000138,9.44e-05,9.23e-06,0.006033965,0.197525167,0.027454276,8.18e-06,45,man_in_his_determination_as_the_covenant
45,50,file:/Users/csb5t/projects/barth/mallet_scripts/../texts/paragraphs/06-05-46-man_as_soul_and_body.txt,0.152997787,0.003638342,0.140472052,0.008509217,0.002642013,0.014747186,0.0031223270000000003,0.39194085799999995,0.0006900000000000001,0.011747793999999999,0.188202073,0.00424409,0.021608369,0.003013907,0.017414396999999998,0.011102573999999999,0.005760615,0.003558985,0.014578686,8.36e-06,46,man_as_soul_and_body.txt
46,51,file:/Users/csb5t/projects/barth/mallet_scripts/../texts/paragraphs/06-06-47-man_in_his_time.txt,0.127183304,0.00035099999999999997,0.133224001,0.026136193999999998,0.027569043999999997,0.036547849,0.012364854,0.015253618,0.000463,0.008371559,0.199955208,0.001571741,0.364149061,0.001379963,0.001877028,0.010800675,0.018297339,0.004391853,0.010108047,4.55e-06,47,man_in_his_time.txt
47,53,file:/Users/csb5t/projects/barth/mallet_scripts/../texts/paragraphs/07-02-48-the_doctrine_of_providence_its_basis_and_form.txt,0.138879034,1.49e-05,0.096461795,2.0399999999999998e-05,0.067114765,0.012550272,2.0600000000000003e-05,0.005104277,0.013027793000000001,0.013119863999999998,0.25650654,0.07304506599999999,0.004377307,0.007795786999999999,0.009869856,0.006020931,0.013533136999999999,1.58e-05,0.017199344,0.265322457,48,the_doctrine_of_providence_its_basis_and_form.txt
48,54,file:/Users/csb5t/projects/barth/mallet_scripts/../texts/paragraphs/07-03-49-god_the_father_as_lord_of_his_creature.txt,0.19659402899999998,3.84e-06,0.080917288,0.009942058,0.010842698000000001,0.021001872999999997,0.002602176,0.005649563000000001,0.0021311760000000003,0.014237851000000001,0.21945589399999998,0.045721244,0.016686875,0.008295613,0.002069207,0.011208105,0.003677772,0.000283,0.04634342599999999,0.30233623600000004,49,god_the_father_as_lord_of_his_creature.txt
49,55,file:/Users/csb5t/projects/barth/mallet_scripts/../texts/paragraphs/07-04-50-god_and_nothingness.txt,0.23718609699999998,0.004199832,0.09550406,6.87e-05,1.1599999999999999e-05,0.016405538,0.277930575,0.068100328,0.00503355,0.016506631,0.173908438,0.037729614,0.011936855,0.003502495,0.001015172,1.3000000000000001e-05,0.004154915,1.05e-05,0.000901,0.045880797,50,god_and_nothingness.txt
50,56,file:/Users/csb5t/projects/barth/mallet_scripts/../texts/paragraphs/07-05-51-the_kingdom_of_heaven_the_ambassadors_of_god_and_their_opponents.txt,0.16175637199999998,3.06e-05,0.079520964,0.003250212,0.051232262,0.006061373,0.010308865,0.007454061999999999,0.008000649,0.009612311,0.239069857,0.01638425,0.016621900000000002,0.019398975,0.013531083999999999,0.324624227,0.006782595,4.93e-06,0.019835448999999998,0.006519075,51,the_kingdom_of_heaven_the_ambassadors_of_god_and_their_opponents.txt
51,58,file:/Users/csb5t/projects/barth/mallet_scripts/../texts/paragraphs/08-02-52-ethics_as_a_task_of_the_doctrine_of_creation.txt,0.187319922,0.25328118899999996,0.250674852,2.8000000000000003e-05,0.019277696,0.006331184,2.8199999999999998e-05,0.016204891000000003,0.013022039,0.003236193,0.1646754,0.01040831,0.007350236,0.02227625,0.0038067409999999998,2.6899999999999997e-05,0.016788809,0.000136,0.004596899000000001,0.020530805,52,ethics_as_a_task_of_the_doctrine_of_creation.txt
52,59,file:/Users/csb5t/projects/barth/mallet_scripts/../texts/paragraphs/08-03-53-freedom_before_god.txt,0.132033183,0.018530433,0.132673821,0.011494118000000001,0.046485452999999996,0.038272951,0.002411341,1.6800000000000002e-05,0.013399116,0.257940687,0.195489382,0.014459348,0.013555122,0.03503113,0.014111145,8.7e-05,2.56e-05,0.009025867,0.052691336,0.012266097,53,freedom_before_god.txt
53,60,file:/Users/csb5t/projects/barth/mallet_scripts/../texts/paragraphs/08-04-54-freedom_in_fellowship.txt,0.178044065,0.29484325899999997,0.08780452300000001,0.011601634,0.015845025,0.012894741000000001,0.006564429,0.01477388,6.45e-06,0.035205087,0.247648836,5.0600000000000003e-05,0.018123714,0.0072992859999999994,0.0037600059999999998,0.001033946,0.002387095,0.041652418999999996,0.020456548,4.49e-06,54,freedom_in_fellowship.txt
54,61,file:/Users/csb5t/projects/barth/mallet_scripts/../texts/paragraphs/08-05-55-freedom_for_life.txt,0.17674115699999998,0.019678466999999998,0.094076705,0.006192947,0.004169223,0.02030111,0.017696464,0.020889505,0.00022400000000000002,0.304215671,0.24243472,0.000245,0.027559108,0.004830075,8.21e-06,0.000977,0.0032400940000000002,0.004307657,0.052208940999999995,4.15e-06,55,freedom_for_life.txt
55,62,file:/Users/csb5t/projects/barth/mallet_scripts/../texts/paragraphs/08-06-56-freedom_in_limitation.txt,0.150337174,0.02847154,0.166274539,0.001794375,0.010174480999999999,0.013011011999999999,0.00627568,0.0038687409999999998,0.000801,0.23802007600000002,0.282543387,0.011259473,0.056451779,0.001017823,0.000723,0.003453711,0.004081406,0.000921,0.017897932,0.0026227409999999996,56,freedom_in_limitation.txt
56,64,file:/Users/csb5t/projects/barth/mallet_scripts/../texts/paragraphs/09-02-57-the_work_of_god_the_reconciler.txt,0.11603288099999999,0.00468693,0.21086802600000001,0.019785427,0.064297477,0.20206408399999998,0.010669605,1.4099999999999999e-05,0.001971236,0.00043799999999999997,0.15760135,0.000554,0.029627752,0.000327,0.008311695,0.000192,0.038201883,0.00705537,0.013398596,0.113902271,57,the_work_of_god_the_reconciler.txt
57,65,file:/Users/csb5t/projects/barth/mallet_scripts/../texts/paragraphs/09-03-58-the_doctrine_of_reconciliation_(survey).txt,0.120671664,7.780000000000001e-05,0.26508548600000004,1.62e-05,1.39e-05,0.282915105,1.63e-05,1.57e-05,0.0006799999999999999,0.001610034,0.12497534699999999,0.01809934,0.015602903000000001,0.011843514,0.001544592,0.007470139000000001,0.074371677,0.016636856000000002,0.041649822,0.016704106,58,the_doctrine_of_reconciliation_(survey).txt
58,66,file:/Users/csb5t/projects/barth/mallet_scripts/../texts/paragraphs/09-04-59-the_obedience_of_the_son_of_god.txt,0.11430182,0.000121,0.16084790300000001,0.0127549,0.005840475,0.312016036,0.00947391,0.001669544,7.06e-06,0.002235923,0.16380408300000002,0.002141085,0.08672507900000001,0.000926,0.032304417,0.033706413,0.034764025,0.0026527129999999997,0.020936478999999997,0.0027703479999999997,59,the_obedience_of_the_son_of_god.txt
59,67,file:/Users/csb5t/projects/barth/mallet_scripts/../texts/paragraphs/09-05-60-the_pride_and_fall_of_man.txt,0.15083583,0.006783024,0.187302112,0.042361827000000005,0.015535156000000001,0.134402082,0.19465044399999998,0.0017227520000000001,0.012935265,0.010707551000000001,0.175637773,0.011049403000000001,0.013084427,0.009967538,0.011108163,0.003553005,0.00164054,0.0034086890000000003,0.000325,0.01298984,60,the_pride_and_fall_of_man.txt
60,68,file:/Users/csb5t/projects/barth/mallet_scripts/../texts/paragraphs/09-06-61-the_justification_of_man.txt,0.11544491300000001,6.56e-06,0.194791159,0.009509573,0.008297786,0.36870926299999995,0.01710276,0.000449,0.016004288999999998,0.011716361000000002,0.173264062,0.002654257,0.027126771,0.018323637,0.005517438,8.66e-06,0.005515614,0.004115325,0.013071518,0.00837112,61,the_justification_of_man.txt
61,69,file:/Users/csb5t/projects/barth/mallet_scripts/../texts/paragraphs/09-07-62-the_holy_spirit_and_the_gathering_of_the_christian_community.txt,0.12473803,8.94e-06,0.055799919,0.01272021,0.005864172,0.075225573,0.000463,0.002113251,0.0047180009999999994,0.00572386,0.19729520600000003,0.005321276,0.047605564,0.091483624,0.016280851000000002,0.002513379,0.037091358,9.5e-06,0.31501416,1.05e-05,62,the_holy_spirit_and_the_gathering_of_the_christian_community.txt
62,70,file:/Users/csb5t/projects/barth/mallet_scripts/../texts/paragraphs/09-08-63-the_holy_spirit_and_christian_faith.txt,0.129515873,0.000152,0.17828069800000002,3.16e-05,2.71e-05,0.178702506,0.000161,0.00454486,0.091094345,0.009338443,0.17778270000000002,4.6299999999999994e-05,0.002001259,0.027797732000000002,0.004696415,3.05e-05,0.101420358,2.45e-05,0.093422094,0.00093,63,the_holy_spirit_and_christian_faith.txt
63,72,file:/Users/csb5t/projects/barth/mallet_scripts/../texts/paragraphs/10-02-64-the_exaltation_of_the_son_of_man.txt,0.11996052,0.000524,0.19470882,0.010175505999999999,2.61e-06,0.098986739,0.001096081,0.008759476,1.62e-05,0.006140808,0.207714895,0.001407986,0.037938882,0.005533743000000001,0.028299229,0.160203626,0.06230617,0.00703241,0.046345538,0.0028469140000000003,64,the_exaltation_of_the_son_of_man.txt
64,73,file:/Users/csb5t/projects/barth/mallet_scripts/../texts/paragraphs/10-03-65-the_sloth_and_misery_of_man.txt,0.11776193,0.001902558,0.183941902,0.024649462999999996,8.48e-06,0.063698811,0.214991209,0.014607862,1.21e-05,0.05179575,0.253752888,1.4499999999999998e-05,0.022886037,0.00014199999999999998,0.001307136,0.010171835,0.004490933,0.017509417,0.016346371000000002,8.44e-06,65,the_sloth_and_misery_of_man.txt
65,74,file:/Users/csb5t/projects/barth/mallet_scripts/../texts/paragraphs/10-04-66-the_sanctification_of_man.txt,0.08730188900000001,0.014209339,0.140114672,0.009722906,0.000294,0.245824844,0.007233539000000001,9.74e-06,0.00037999999999999997,0.034583031,0.256797486,0.004503806,0.016345281,0.002225397,0.023074802999999998,0.018864079,0.027643546,0.007720933,0.09665346400000001,0.006497411,66,the_sanctification_of_man.txt
66,75,file:/Users/csb5t/projects/barth/mallet_scripts/../texts/paragraphs/10-05-67-the_holy_spirit_and_the_upbuilding_of_the_christian_community.txt,0.137349907,0.00646719,0.041177136,0.002923532,9.329999999999999e-05,0.03076024,0.0017836689999999999,1.01e-05,1.27e-05,0.019987143,0.245991739,1.52e-05,0.026747017,0.030251827999999998,0.0037328179999999997,0.011240466000000001,0.015467851000000001,0.002203456,0.423775905,8.84e-06,67,the_holy_spirit_and_the_upbuilding_of_the_christian_community.txt
67,76,file:/Users/csb5t/projects/barth/mallet_scripts/../texts/paragraphs/10-06-68-the_holy_spirit_and_christian_love.txt,0.12498564,0.003784665,0.187140358,0.025021176000000003,0.007841824,0.056884958,0.0037476209999999996,0.0019976779999999997,1.2e-05,0.004787787,0.220348635,0.0044280579999999995,0.015448898,0.000101,0.000136,0.004661755,0.028445578,0.25537057399999996,0.054689094,0.000167,68,the_holy_spirit_and_christian_love.txt
68,78,file:/Users/csb5t/projects/barth/mallet_scripts/../texts/paragraphs/11-02-69-the_glory_of_the_mediator.txt,0.160155404,0.000124,0.11785582,0.009917585999999999,0.014341443,0.023383828,0.014584739,0.002444694,0.0010022339999999999,0.008058294,0.264184326,0.0032691359999999997,0.041754845,0.023828392,0.001880525,0.005762909,0.267218279,0.000893,0.037341743999999996,0.001999169,69,the_glory_of_the_mediator.txt
69,79,file:/Users/csb5t/projects/barth/mallet_scripts/../texts/paragraphs/11-03-70-the_falsehood_and_condemnation_of_man.txt,0.153738194,0.001352699,0.228400226,0.00513884,0.013460708,0.06312173,0.176019714,0.000178,1.27e-05,0.016285412,0.239924224,0.000772,0.027640097000000002,0.001661729,0.000144,9.93e-06,0.063070946,0.004547993,0.003755987,0.0007650000000000001,70,the_falsehood_and_condemnation_of_man.txt
70,80,file:/Users/csb5t/projects/barth/mallet_scripts/../texts/paragraphs/11-04-71-the_vocation_of_man.txt,0.128278569,2.8100000000000002e-05,0.097295312,0.018068876,0.000624,0.050728148,0.008858911,5.68e-06,0.0029105790000000004,0.016930366000000002,0.296420394,0.001864826,0.025952628999999998,0.0030112209999999997,0.014812493000000001,0.010476947,0.142466289,0.007953209000000001,0.17011976,0.003193978,71,the_vocation_of_man.txt
71,81,file:/Users/csb5t/projects/barth/mallet_scripts/../texts/paragraphs/11-05-72-the_holy_spirit_and_the_sending_of_the_christian_community.txt,0.15918625,4.07e-06,0.101773876,0.01395531,0.012475338999999998,0.012961459,0.008675845,0.004329163,0.0060828340000000005,0.016621469,0.27713852899999997,0.001601125,0.016988099999999996,0.013006017,0.001238265,0.002554102,0.059402715999999994,0.00385017,0.278752169,0.009403194,72,the_holy_spirit_and_the_sending_of_the_christian_community.txt
72,82,file:/Users/csb5t/projects/barth/mallet_scripts/../texts/paragraphs/11-06-73-the_holy_spirit_and_christian_hope.txt,0.126561996,2.1899999999999997e-05,0.064529251,0.00186567,0.0041865209999999995,0.055628877,0.000275,2.9199999999999998e-05,0.002361999,0.007269856999999999,0.238075927,0.000411,0.22034071100000002,6.49e-05,5.0600000000000003e-05,2.8899999999999998e-05,0.179448302,0.005163057,0.093660674,2.56e-05,73,the_holy_spirit_and_christian_hope.txt
73,84,file:/Users/csb5t/projects/barth/mallet_scripts/../texts/paragraphs/12-02-74-the_foundation_of_the_christian_life.txt,0.10240950300000001,0.024460162999999997,0.085318589,0.015038518,2.65e-05,0.06507579599999999,5.42e-06,0.00230622,7.23e-05,0.015085861,0.20801923600000002,0.001300806,0.026615164,0.011691884,0.020893299,0.00414696,0.37993446299999994,6.99e-05,0.037524766,4.59e-06,74,the_foundation_of_the_christian_life.txt
