id,file,topic-00,topic-01,topic-02,topic-03,topic-04,topic-05,topic-06,topic-07,topic-08,topic-09,topic-10,topic-11,topic-12,topic-13,topic-14,topic-15,topic-16,topic-17,topic-18,topic-19,,,,,,,,,,,,,,,,,,,,
0,paragraph-1-1-01-001.md,0.116666667,0.161111111,0.005555556,0.005555556,0.027777778,0.027777778,0.005555556,0.005555556,0.05,0.072222222,0.294444444,0.005555556,0.005555556,0.005555556,0.094444444,0.005555556,0.005555556,0.027777778,0.05,0.027777778,,,,,,,,,,,,,,,,,,,,
1,paragraph-1-1-01-002.md,0.316666667,0.207575758,0.001515152,0.001515152,0.001515152,0.031818182,0.128787879,0.007575758,0.140909091,0.01969697,0.001515152,0.001515152,0.001515152,0.001515152,0.001515152,0.001515152,0.031818182,0.001515152,0.068181818,0.031818182,,,,,,,,,,,,,,,,,,,,
2,paragraph-1-1-01-003.md,0.25952381,0.173809524,0.069047619,0.002380952,0.011904762,0.069047619,0.135714286,0.011904762,0.002380952,0.011904762,0.002380952,0.002380952,0.002380952,0.05,0.002380952,0.002380952,0.011904762,0.011904762,0.164285714,0.002380952,,,,,,,,,,,,,,,,,,,,
3,paragraph-1-1-02-001.md,0.320588235,0.002941176,0.002941176,0.002941176,0.002941176,0.05,0.355882353,0.002941176,0.002941176,0.002941176,0.002941176,0.002941176,0.002941176,0.002941176,0.014705882,0.097058824,0.014705882,0.002941176,0.108823529,0.002941176,,,,,,,,,,,,,,,,,,,,
4,paragraph-1-1-02-002.md,0.238235294,0.05,0.026470588,0.038235294,0.014705882,0.014705882,0.002941176,0.002941176,0.038235294,0.132352941,0.026470588,0.002941176,0.002941176,0.002941176,0.002941176,0.002941176,0.002941176,0.014705882,0.261764706,0.120588235,,,,,,,,,,,,,,,,,,,,
5,paragraph-1-1-03-001.md,0.21097561,0.025609756,0.05,0.030487805,0.020731707,0.015853659,0.196341463,0.001219512,0.01097561,0.01097561,0.01097561,0.001219512,0.006097561,0.01097561,0.025609756,0.103658537,0.001219512,0.030487805,0.215853659,0.020731707,,,,,,,,,,,,,,,,,,,,
6,paragraph-1-1-03-002.md,0.035714286,0.035714286,0.035714286,0.035714286,0.178571429,0.035714286,0.035714286,0.035714286,0.035714286,0.035714286,0.035714286,0.035714286,0.035714286,0.035714286,0.035714286,0.035714286,0.035714286,0.178571429,0.035714286,0.035714286,,,,,,,,,,,,,,,,,,,,
7,paragraph-1-1-04-001.md,0.21,0.05,0.01,0.09,0.01,0.01,0.01,0.01,0.37,0.01,0.05,0.01,0.01,0.01,0.01,0.05,0.05,0.01,0.01,0.01,,,,,,,,,,,,,,,,,,,,
8,paragraph-1-1-04-002.md,0.308823529,0.002941176,0.061764706,0.002941176,0.002941176,0.002941176,0.061764706,0.002941176,0.002941176,0.002941176,0.238235294,0.002941176,0.002941176,0.002941176,0.026470588,0.085294118,0.002941176,0.05,0.120588235,0.014705882,,,,,,,,,,,,,,,,,,,,
9,paragraph-1-1-04-003.md,0.243939394,0.007575758,0.013636364,0.043939394,0.001515152,0.001515152,0.068181818,0.062121212,0.001515152,0.001515152,0.031818182,0.001515152,0.001515152,0.001515152,0.171212121,0.001515152,0.001515152,0.013636364,0.189393939,0.140909091,,,,,,,,,,,,,,,,,,,,
10,paragraph-1-1-04-004.md,0.035714286,0.035714286,0.035714286,0.035714286,0.035714286,0.178571429,0.035714286,0.035714286,0.035714286,0.035714286,0.035714286,0.035714286,0.035714286,0.035714286,0.035714286,0.035714286,0.035714286,0.178571429,0.035714286,0.035714286,,,,,,,,,,,,,,,,,,,,
11,paragraph-1-1-05-001.md,0.005555556,0.183333333,0.005555556,0.027777778,0.005555556,0.005555556,0.05,0.005555556,0.05,0.116666667,0.005555556,0.005555556,0.005555556,0.005555556,0.005555556,0.072222222,0.005555556,0.005555556,0.25,0.183333333,,,,,,,,,,,,,,,,,,,,
12,paragraph-1-1-05-002.md,0.334848485,0.001515152,0.01969697,0.05,0.037878788,0.001515152,0.183333333,0.001515152,0.001515152,0.001515152,0.007575758,0.001515152,0.05,0.001515152,0.007575758,0.007575758,0.001515152,0.001515152,0.128787879,0.159090909,,,,,,,,,,,,,,,,,,,,
13,paragraph-1-1-05-003.md,0.170547945,0.02260274,0.00890411,0.00890411,6.85E-04,6.85E-04,0.195205479,0.041780822,0.003424658,0.02260274,0.05,0.039041096,0.05,0.06369863,0.03630137,0.014383562,0.019863014,6.85E-04,0.102054795,0.148630137,,,,,,,,,,,,,,,,,,,,
14,paragraph-1-1-05-004.md,0.056060606,0.001515152,0.007575758,0.068181818,0.001515152,0.092424242,0.346969697,0.007575758,0.007575758,0.007575758,0.025757576,0.001515152,0.013636364,0.001515152,0.031818182,0.013636364,0.01969697,0.007575758,0.001515152,0.286363636,,,,,,,,,,,,,,,,,,,,
15,paragraph-1-1-06-001.md,0.035714286,0.035714286,0.035714286,0.035714286,0.178571429,0.035714286,0.035714286,0.035714286,0.035714286,0.178571429,0.035714286,0.035714286,0.035714286,0.035714286,0.035714286,0.035714286,0.035714286,0.035714286,0.035714286,0.035714286,,,,,,,,,,,,,,,,,,,,
16,paragraph-1-1-06-002.md,0.316666667,0.116666667,0.005555556,0.027777778,0.005555556,0.005555556,0.072222222,0.005555556,0.116666667,0.005555556,0.027777778,0.005555556,0.005555556,0.005555556,0.027777778,0.005555556,0.072222222,0.005555556,0.161111111,0.005555556,,,,,,,,,,,,,,,,,,,,
17,paragraph-1-1-06-003.md,0.383333333,0.005555556,0.027777778,0.005555556,0.005555556,0.005555556,0.138888889,0.005555556,0.05,0.005555556,0.116666667,0.005555556,0.005555556,0.005555556,0.072222222,0.005555556,0.005555556,0.005555556,0.116666667,0.027777778,,,,,,,,,,,,,,,,,,,,
18,paragraph-1-1-06-004.md,0.188461538,0.003846154,0.019230769,0.065384615,0.003846154,0.003846154,0.126923077,0.003846154,0.003846154,0.142307692,0.003846154,0.019230769,0.003846154,0.111538462,0.003846154,0.126923077,0.003846154,0.034615385,0.019230769,0.111538462,,,,,,,,,,,,,,,,,,,,
19,paragraph-1-1-07-001.md,0.229310345,0.015517241,0.015517241,0.001724138,0.001724138,0.015517241,0.112068966,0.098275862,0.015517241,0.001724138,0.09137931,0.001724138,0.022413793,0.001724138,0.036206897,0.077586207,0.001724138,0.001724138,0.077586207,0.181034483,,,,,,,,,,,,,,,,,,,,
20,paragraph-1-1-07-002.md,0.178571429,0.035714286,0.035714286,0.035714286,0.035714286,0.035714286,0.035714286,0.035714286,0.035714286,0.035714286,0.035714286,0.035714286,0.035714286,0.035714286,0.035714286,0.035714286,0.035714286,0.035714286,0.035714286,0.178571429,,,,,,,,,,,,,,,,,,,,
21,paragraph-1-1-07-003.md,0.203846154,0.003846154,0.05,0.003846154,0.003846154,0.003846154,0.126923077,0.034615385,0.111538462,0.003846154,0.019230769,0.003846154,0.003846154,0.003846154,0.003846154,0.003846154,0.003846154,0.034615385,0.003846154,0.373076923,,,,,,,,,,,,,,,,,,,,
22,paragraph-1-1-08-001.md,0.027777778,0.005555556,0.005555556,0.027777778,0.005555556,0.005555556,0.183333333,0.027777778,0.005555556,0.116666667,0.005555556,0.005555556,0.094444444,0.005555556,0.027777778,0.005555556,0.005555556,0.072222222,0.005555556,0.361111111,,,,,,,,,,,,,,,,,,,,
23,paragraph-1-1-08-002.md,0.082624113,0.062765957,0.078368794,0.030141844,3.55E-04,0.021631206,0.130851064,0.031560284,0.003191489,3.55E-04,0.065602837,0.044326241,3.55E-04,3.55E-04,0.018794326,3.55E-04,0.010283688,0.028723404,0.126595745,0.262765957,,,,,,,,,,,,,,,,,,,,
24,paragraph-1-1-08-003.md,0.01,0.01,0.01,0.01,0.05,0.01,0.09,0.01,0.49,0.05,0.13,0.01,0.01,0.01,0.01,0.05,0.01,0.01,0.01,0.01,,,,,,,,,,,,,,,,,,,,
25,paragraph-1-1-09-001.md,0.035714286,0.035714286,0.035714286,0.035714286,0.035714286,0.035714286,0.035714286,0.035714286,0.178571429,0.035714286,0.035714286,0.035714286,0.035714286,0.035714286,0.178571429,0.035714286,0.035714286,0.035714286,0.035714286,0.035714286,,,,,,,,,,,,,,,,,,,,
26,paragraph-1-1-09-002.md,0.01,0.01,0.09,0.01,0.01,0.01,0.09,0.01,0.01,0.01,0.13,0.01,0.09,0.01,0.01,0.01,0.01,0.05,0.09,0.33,,,,,,,,,,,,,,,,,,,,
27,paragraph-1-1-09-003.md,0.035714286,0.035714286,0.035714286,0.035714286,0.035714286,0.035714286,0.035714286,0.178571429,0.035714286,0.035714286,0.035714286,0.035714286,0.035714286,0.035714286,0.035714286,0.035714286,0.035714286,0.035714286,0.035714286,0.178571429,,,,,,,,,,,,,,,,,,,,
28,paragraph-1-1-09-004.md,0.173076923,0.003846154,0.080769231,0.019230769,0.05,0.003846154,0.034615385,0.003846154,0.034615385,0.003846154,0.080769231,0.003846154,0.05,0.003846154,0.003846154,0.142307692,0.003846154,0.003846154,0.188461538,0.111538462,,,,,,,,,,,,,,,,,,,,
29,paragraph-1-1-10-001.md,0.057734807,0.005801105,0.047790055,0.128453039,0.001381215,2.76E-04,0.247790055,0.014640884,0.005801105,0.022375691,0.00359116,0.011325967,0.011325967,2.76E-04,0.001381215,2.76E-04,0.062154696,2.76E-04,0.114088398,0.263259669,,,,,,,,,,,,,,,,,,,,
30,paragraph-1-1-10-002.md,0.047752809,0.007303371,0.184831461,5.62E-04,0.00505618,0.011797753,0.106179775,5.62E-04,5.62E-04,5.62E-04,5.62E-04,5.62E-04,0.016292135,5.62E-04,0.009550562,5.62E-04,5.62E-04,5.62E-04,0.187078652,0.418539326,,,,,,,,,,,,,,,,,,,,
31,paragraph-1-1-11-001.md,0.05,0.021929825,0.035263158,0.057017544,0.02754386,1.75E-04,0.095614035,0.002982456,0.007192982,1.75E-04,0.03245614,0.007894737,0.034561404,1.75E-04,0.013508772,1.75E-04,0.008596491,0.004385965,0.213508772,0.386842105,,,,,,,,,,,,,,,,,,,,
32,paragraph-1-1-11-002.md,0.105852843,0.010200669,0.085117057,0.004849498,1.67E-04,1.67E-04,0.128595318,0.016889632,0.061036789,0.018896321,0.002173913,8.36E-04,1.67E-04,0.007525084,1.67E-04,1.67E-04,0.015551839,0.004849498,0.207525084,0.329264214,,,,,,,,,,,,,,,,,,,,
33,paragraph-1-1-12-001.md,0.078643216,0.024371859,0.001256281,0.166080402,0.002261307,0.006281407,0.091708543,0.053517588,0.004271357,0.092713568,2.51E-04,0.008291457,0.041457286,0.002261307,0.039447236,2.51E-04,0.016331658,0.002261307,0.088693467,0.279648241,,,,,,,,,,,,,,,,,,,,
34,paragraph-1-1-12-002.md,6.85E-04,0.058219178,0.093835616,0.014383562,6.85E-04,6.85E-04,0.019863014,0.107534247,0.033561644,0.189726027,0.003424658,0.003424658,0.003424658,6.85E-04,0.003424658,6.85E-04,0.014383562,0.00890411,6.85E-04,0.441780822,,,,,,,,,,,,,,,,,,,,
35,paragraph-1-2-13-001.md,0.07326454,0.057129456,9.38E-05,0.044371482,0.01097561,0.002345216,0.113789869,0.009474672,0.009849906,0.015478424,0.02673546,0.007223265,0.009474672,9.38E-05,0.026360225,4.69E-04,0.007223265,0.005722326,0.172701689,0.407223265,,,,,,,,,,,,,,,,,,,,
36,paragraph-1-2-13-002.md,0.097643979,0.087172775,2.62E-04,0.001308901,2.62E-04,0.004450262,0.109162304,0.013874346,0.015968586,0.001308901,2.62E-04,0.001308901,0.003403141,0.014921466,2.62E-04,0.001308901,0.05052356,0.002356021,0.210732984,0.383507853,,,,,,,,,,,,,,,,,,,,
37,paragraph-1-2-14-001.md,0.073121387,0.023410405,0.024566474,0.048843931,0.009537572,2.89E-04,0.099710983,0.030346821,0.040751445,0.004913295,0.010693642,0.001445087,0.017630058,2.89E-04,0.228034682,2.89E-04,0.009537572,0.010693642,0.185260116,0.180635838,,,,,,,,,,,,,,,,,,,,
38,paragraph-1-2-14-002.md,0.156730769,0.018269231,0.032371795,0.138782051,0.009294872,3.21E-04,0.078525641,0.049038462,3.21E-04,0.009294872,0.029807692,0.014423077,0.010576923,3.21E-04,0.124679487,0.010576923,0.054166667,0.016987179,0.066987179,0.178525641,,,,,,,,,,,,,,,,,,,,
39,paragraph-1-2-14-003.md,0.034313725,0.027777778,0.001633987,0.110130719,0.009477124,0.02124183,0.184640523,0.055228758,0.017320261,3.27E-04,0.042156863,3.27E-04,0.009477124,3.27E-04,0.13627451,0.002941176,0.034313725,0.018627451,0.151960784,0.141503268,,,,,,,,,,,,,,,,,,,,
40,paragraph-1-2-15-001.md,0.054494382,0.052247191,5.62E-04,0.018539326,5.62E-04,5.62E-04,0.164606742,0.110674157,0.07247191,5.62E-04,0.032022472,5.62E-04,0.002808989,5.62E-04,0.041011236,5.62E-04,5.62E-04,5.62E-04,0.191573034,0.254494382,,,,,,,,,,,,,,,,,,,,
41,paragraph-1-2-15-002.md,3.88E-04,0.169379845,3.88E-04,0.00503876,0.001937984,3.88E-04,0.001937984,0.020542636,0.051550388,3.88E-04,3.88E-04,3.88E-04,0.001937984,3.88E-04,3.88E-04,3.88E-04,0.012790698,0.099612403,0.135271318,0.496511628,,,,,,,,,,,,,,,,,,,,
42,paragraph-1-2-15-002.md,3.88E-04,0.155426357,3.88E-04,0.001937984,0.01124031,3.88E-04,3.88E-04,0.025193798,0.077906977,3.88E-04,3.88E-04,3.88E-04,0.003488372,3.88E-04,0.001937984,0.003488372,3.88E-04,0.093410853,0.130620155,0.491860465,,,,,,,,,,,,,,,,,,,,
43,paragraph-1-2-15-003.md,0.05,7.51E-04,1.50E-04,1.50E-04,1.50E-04,7.51E-04,0.028978979,0.498648649,0.042192192,1.50E-04,1.50E-04,1.50E-04,1.50E-04,1.50E-04,0.004354354,1.50E-04,0.03018018,1.50E-04,0.19954955,0.143093093,,,,,,,,,,,,,,,,,,,,
44,paragraph-1-2-15-003.md,0.037987988,1.50E-04,0.001951952,1.50E-04,1.50E-04,1.50E-04,0.026576577,0.510660661,0.032582583,1.50E-04,0.001951952,1.50E-04,1.50E-04,1.50E-04,1.50E-04,0.004954955,0.033783784,1.50E-04,0.19954955,0.148498498,,,,,,,,,,,,,,,,,,,,
45,paragraph-1-2-16-001.md,0.171509434,0.070377358,0.015283019,0.027358491,9.43E-04,0.006981132,0.129245283,0.046226415,0.059056604,0.029622642,1.89E-04,0.01,0.010754717,0.003207547,0.009245283,0.084716981,0.029622642,0.015283019,0.197924528,0.08245283,,,,,,,,,,,,,,,,,,,,
46,paragraph-1-2-16-002.md,0.258438819,0.044936709,0.006962025,0.098945148,0.008649789,2.11E-04,0.202742616,0.026371308,0.056751055,0.082067511,0.00443038,2.11E-04,0.001054852,2.11E-04,2.11E-04,2.11E-04,0.038185654,0.022151899,0.093881857,0.053375527,,,,,,,,,,,,,,,,,,,,
47,paragraph-1-2-17-001.md,0.126744186,0.094186047,0.019767442,0.010465116,0.001162791,0.108139535,0.191860465,0.001162791,0.196511628,0.024418605,0.001162791,0.001162791,0.029069767,0.019767442,0.001162791,0.001162791,0.001162791,0.052325581,0.11744186,0.001162791,,,,,,,,,,,,,,,,,,,,
48,paragraph-1-2-17-002.md,0.197286822,0.045348837,0.009689922,0.091860465,3.88E-04,0.051550388,0.139922481,0.00503876,0.084108527,0.01124031,0.008139535,3.88E-04,0.009689922,3.88E-04,0.026744186,0.01124031,0.130620155,0.020542636,0.136821705,0.018992248,,,,,,,,,,,,,,,,,,,,
49,paragraph-1-2-17-003.md,0.067057569,0.003518124,0.068763326,0.026972281,1.07E-04,0.248294243,0.141684435,0.030810235,0.062366738,1.07E-04,5.33E-04,0.017590618,0.008208955,0.023987207,0.009488273,0.003518124,0.029957356,0.013326226,0.202238806,0.041471215,,,,,,,,,,,,,,,,,,,,
50,paragraph-1-2-18-001.md,0.171367521,0.116666667,0.034615385,0.03974359,0.022649573,0.048290598,0.101282051,0.048290598,0.118376068,0.046581197,4.27E-04,4.27E-04,4.27E-04,0.022649573,4.27E-04,0.002136752,0.084188034,4.27E-04,0.12008547,0.020940171,,,,,,,,,,,,,,,,,,,,
51,paragraph-1-2-18-002.md,0.103731343,0.065920398,0.077860697,0.030099502,0.004228856,0.006218905,0.158457711,0.027114428,0.061940299,0.002238806,2.49E-04,2.49E-04,0.025124378,0.00920398,0.017164179,0.05199005,0.039054726,0.199253731,0.096766169,0.023134328,,,,,,,,,,,,,,,,,,,,
52,paragraph-1-2-18-003.md,0.142896175,0.05291439,0.003005464,0.012477231,0.022677596,0.005555556,0.165118397,0.011384335,0.031056466,0.004826958,0.008469945,0.004826958,0.003005464,0.012112933,0.01867031,0.044899818,0.074043716,0.196812386,0.174590164,0.010655738,,,,,,,,,,,,,,,,,,,,
53,paragraph-1-2-19-001.md,0.311538462,0.003846154,0.111538462,0.003846154,0.003846154,0.019230769,0.188461538,0.003846154,0.003846154,0.003846154,0.003846154,0.003846154,0.003846154,0.003846154,0.065384615,0.003846154,0.003846154,0.019230769,0.096153846,0.142307692,,,,,,,,,,,,,,,,,,,,
54,paragraph-1-2-19-002.md,0.228816199,0.031931464,0.058099688,0.058099688,0.028816199,0.021339564,0.139719626,0.054984424,1.56E-04,0.031931464,0.017601246,0.016978193,0.041900312,1.56E-04,0.046884735,0.03317757,0.006386293,0.002024922,0.120404984,0.0605919,,,,,,,,,,,,,,,,,,,,
55,paragraph-1-2-20-001.md,0.505704698,0.009955257,0.038590604,0.006823266,0.025615213,0.017561521,0.104362416,0.007270694,1.12E-04,0.009060403,0.022930649,0.007270694,1.12E-04,1.12E-04,0.022930649,0.045302013,0.019798658,0.010850112,0.143288591,0.002348993,,,,,,,,,,,,,,,,,,,,
56,paragraph-1-2-21-001.md,0.296272494,0.019151671,0.053084833,0.046401028,1.29E-04,0.037660668,0.173393316,0.004755784,0.022750643,0.004241645,0.018637532,0.028920308,0.01503856,1.29E-04,0.020694087,0.051542416,0.033547558,0.006298201,0.16722365,1.29E-04,,,,,,,,,,,,,,,,,,,,
57,paragraph-1-2-22-001.md,0.379936306,0.037261146,0.05,0.01433121,3.18E-04,0.001592357,0.158280255,0.001592357,3.18E-04,0.041082803,0.038535032,0.021974522,0.034713376,0.018152866,0.002866242,3.18E-04,0.044904459,0.015605096,0.134076433,0.004140127,,,,,,,,,,,,,,,,,,,,
58,paragraph-1-2-22-002.md,0.226923077,0.119230769,0.026923077,0.006410256,0.001282051,0.016666667,0.180769231,0.001282051,0.103846154,0.001282051,0.001282051,0.001282051,0.021794872,0.006410256,0.001282051,0.098717949,0.011538462,0.001282051,0.15,0.021794872,,,,,,,,,,,,,,,,,,,,
59,paragraph-1-2-22-003.md,0.162,0.106,0.034,0.002,0.018,0.034,0.122,0.002,0.09,0.002,0.082,0.002,0.002,0.034,0.002,0.002,0.002,0.002,0.226,0.074,,,,,,,,,,,,,,,,,,,,
60,paragraph-1-2-23-000.md,0.425308642,0.010493827,0.067283951,0.00308642,6.17E-04,0.017901235,0.124074074,6.17E-04,0.017901235,6.17E-04,0.052469136,0.005555556,6.17E-04,6.17E-04,0.012962963,0.054938272,0.022839506,0.037654321,0.129012346,0.015432099,,,,,,,,,,,,,,,,,,,,
61,paragraph-1-2-23-002.md,0.45,0.001515152,0.001515152,0.001515152,0.013636364,0.013636364,0.140909091,0.05,0.110606061,0.001515152,0.001515152,0.001515152,0.001515152,0.001515152,0.001515152,0.031818182,0.001515152,0.001515152,0.159090909,0.013636364,,,,,,,,,,,,,,,,,,,,
62,paragraph-1-2-24-001.md,0.397540984,0.036885246,0.010655738,8.20E-04,8.20E-04,8.20E-04,0.181147541,0.004098361,8.20E-04,8.20E-04,0.02704918,8.20E-04,8.20E-04,8.20E-04,0.007377049,0.043442623,0.046721311,0.040163934,0.18442623,0.013934426,,,,,,,,,,,,,,,,,,,,
63,paragraph-1-2-24-002.md,0.166831683,0.051980198,0.077722772,4.95E-04,0.002475248,0.002475248,0.125247525,0.012376238,0.143069307,0.051980198,0.036138614,0.004455446,0.002475248,4.95E-04,0.073762376,0.02029703,0.002475248,0.004455446,0.087623762,0.133168317,,,,,,,,,,,,,,,,,,,,
64,paragraph-2-1-25-001.md,0.216141732,0.038188976,0.063385827,0.019291339,0.011417323,0.001968504,0.121653543,0.033464567,0.057086614,0.036614173,3.94E-04,0.080708661,3.94E-04,0.00984252,0.006692913,0.046062992,0.00984252,0.003543307,0.173622047,0.069685039,,,,,,,,,,,,,,,,,,,,
65,paragraph-2-1-25-002.md,0.13137931,0.113448276,0.164482759,0.102413793,3.45E-04,0.001724138,0.118965517,0.00862069,0.001724138,0.055517241,0.022413793,0.023793103,0.016896552,3.45E-04,0.026551724,0.005862069,3.45E-04,0.004482759,0.109310345,0.09137931,,,,,,,,,,,,,,,,,,,,
66,paragraph-2-1-26-001.md,0.220750988,0.058695652,0.064229249,0.067391304,1.98E-04,1.98E-04,0.091106719,0.005731225,0.052371542,0.034980237,0.038142292,0.036561265,0.022332016,9.88E-04,0.022332016,0.00256917,0.106916996,1.98E-04,0.112450593,0.061857708,,,,,,,,,,,,,,,,,,,,
67,paragraph-2-1-26-002.md,0.303666147,0.072152886,0.019734789,0.00850234,0.002574103,0.022854914,0.130811232,0.008190328,0.027223089,0.002574103,0.011934477,7.80E-05,0.002574103,0.001950078,0.005070203,0.013806552,0.148907956,0.01474259,0.182605304,0.020046802,,,,,,,,,,,,,,,,,,,,
68,paragraph-2-1-27-001.md,0.200769231,0.003846154,0.286923077,7.69E-04,0.006923077,0.003846154,0.099230769,0.034615385,0.003846154,7.69E-04,0.053076923,0.006923077,7.69E-04,0.016153846,0.006923077,7.69E-04,0.01,0.022307692,0.102307692,0.139230769,,,,,,,,,,,,,,,,,,,,
69,paragraph-2-1-27-002.md,0.17137931,0.074827586,0.027931034,0.01,0.001724138,3.45E-04,0.164482759,3.45E-04,0.038965517,0.021034483,0.005862069,0.001724138,0.041724138,0.01,0.00862069,3.45E-04,0.065172414,0.00862069,0.179655172,0.167241379,,,,,,,,,,,,,,,,,,,,
70,paragraph-2-1-28-001.md,0.107142857,0.002380952,0.078571429,0.011904762,0.04047619,0.002380952,0.183333333,0.030952381,0.126190476,0.002380952,0.021428571,0.002380952,0.04047619,0.002380952,0.221428571,0.002380952,0.021428571,0.002380952,0.097619048,0.002380952,,,,,,,,,,,,,,,,,,,,
71,paragraph-2-1-28-002.md,0.012162162,0.006756757,0.206756757,0.060810811,0.001351351,0.006756757,0.077027027,0.001351351,0.001351351,0.055405405,0.001351351,0.001351351,0.012162162,0.001351351,0.012162162,0.006756757,0.066216216,0.141891892,0.093243243,0.233783784,,,,,,,,,,,,,,,,,,,,
72,paragraph-2-1-28-003.md,0.27189781,0.001824818,0.083576642,3.65E-04,3.65E-04,0.019343066,0.159489051,3.65E-04,0.068978102,0.023722628,3.65E-04,3.65E-04,3.65E-04,0.106934307,3.65E-04,0.029562044,3.65E-04,0.052919708,0.117153285,0.061678832,,,,,,,,,,,,,,,,,,,,
73,paragraph-2-1-29-000.md,0.221428571,0.002380952,0.088095238,0.069047619,0.002380952,0.069047619,0.202380952,0.011904762,0.021428571,0.078571429,0.011904762,0.002380952,0.011904762,0.002380952,0.002380952,0.021428571,0.002380952,0.002380952,0.069047619,0.107142857,,,,,,,,,,,,,,,,,,,,
74,paragraph-2-1-30-001.md,0.171333333,0.062,0.168666667,0.064666667,6.67E-04,0.006,0.059333333,0.016666667,0.035333333,6.67E-04,6.67E-04,6.67E-04,6.67E-04,0.011333333,0.024666667,0.006,0.03,0.123333333,0.104666667,0.112666667,,,,,,,,,,,,,,,,,,,,
75,paragraph-2-1-30-002.md,0.050932836,0.00988806,0.091977612,0.067350746,0.028544776,1.87E-04,0.100932836,0.001679104,0.00988806,0.006156716,0.021828358,1.87E-04,0.012126866,0.006902985,0.018097015,0.009141791,0.353171642,0.016604478,0.113619403,0.080783582,,,,,,,,,,,,,,,,,,,,
76,paragraph-2-1-30-003.md,0.085820896,0.005223881,0.210199005,0.049004975,0.056965174,0.020149254,0.130597015,2.49E-04,2.49E-04,0.071890547,2.49E-04,0.003233831,0.021144279,2.49E-04,0.00721393,2.49E-04,0.190298507,0.024129353,0.064925373,0.057960199,,,,,,,,,,,,,,,,,,,,
77,paragraph-2-1-31-001.md,0.094164038,0.031072555,0.252523659,0.065141956,1.58E-04,1.58E-04,0.162302839,0.020347003,0.094164038,0.005835962,0.007728707,0.002050473,0.01214511,1.58E-04,0.01340694,7.89E-04,0.036750789,0.003943218,0.148422713,0.04873817,,,,,,,,,,,,,,,,,,,,
78,paragraph-2-1-31-002.md,0.048198198,0.01996997,0.203153153,0.050600601,1.50E-04,0.01036036,0.105855856,0.006156156,0.134684685,0.054804805,1.50E-04,0.004954955,0.003153153,0.066216216,0.003153153,0.009159159,0.046396396,0.017567568,0.145495495,0.06981982,,,,,,,,,,,,,,,,,,,,
79,paragraph-2-1-31-003.md,0.067731959,0.047525773,0.211237113,5.15E-04,9.28E-04,0.029793814,0.124639175,0.009175258,0.069381443,0.02814433,0.005463918,1.03E-04,0.012886598,0.019072165,0.092474227,0.00628866,0.06443299,0.015773196,0.158041237,0.036391753,,,,,,,,,,,,,,,,,,,,
80,paragraph-2-2-32-001.md,0.001515152,0.134848485,0.127575758,3.03E-04,0.01969697,0.013636364,0.151818182,3.03E-04,0.093636364,3.03E-04,3.03E-04,3.03E-04,3.03E-04,0.177272727,3.03E-04,0.034242424,0.022121212,0.036666667,0.088787879,0.096060606,,,,,,,,,,,,,,,,,,,,
81,paragraph-2-2-32-002.md,0.062075472,0.022075472,0.028113208,1.89E-04,9.43E-04,0.011509434,0.123962264,0.012264151,0.040943396,0.001698113,0.006981132,0.02509434,1.89E-04,0.419056604,0.001698113,9.43E-04,0.054528302,1.89E-04,0.133018868,0.054528302,,,,,,,,,,,,,,,,,,,,
82,paragraph-2-2-32-003.md,0.023333333,0.063333333,0.116666667,0.001111111,0.001111111,0.005555556,0.165555556,0.001111111,0.245555556,0.001111111,0.005555556,0.01,0.005555556,0.183333333,0.041111111,0.005555556,0.001111111,0.01,0.081111111,0.032222222,,,,,,,,,,,,,,,,,,,,
83,paragraph-2-2-33-001.md,0.007587549,0.047795071,0.075032425,0.037159533,6.49E-05,3.24E-04,0.111348898,0.012516213,0.023670558,0.023929961,3.24E-04,0.002140078,0.001361868,0.390726329,6.49E-05,0.004734112,0.032749676,0.002140078,0.115239948,0.111089494,,,,,,,,,,,,,,,,,,,,
84,paragraph-2-2-33-002.md,0.015255732,0.061111111,0.057936508,8.82E-05,0.014550265,0.011375661,0.160934744,0.001146384,0.075573192,0.002910053,8.82E-05,0.005026455,8.82E-05,0.358465608,0.02654321,0.004673721,0.03712522,8.82E-05,0.130599647,0.036419753,,,,,,,,,,,,,,,,,,,,
85,paragraph-2-2-34-001.md,0.11798419,0.02312253,0.020750988,0.024703557,9.88E-04,1.98E-04,0.135375494,1.98E-04,0.02312253,1.98E-04,1.98E-04,0.122727273,0.004940711,0.213636364,1.98E-04,0.152766798,0.061067194,0.010474308,0.083201581,0.004150198,,,,,,,,,,,,,,,,,,,,
86,paragraph-2-2-34-002.md,0.087102473,0.063780919,0.059540636,0.005830389,0.020671378,0.00229682,0.109717314,0.005123675,0.005830389,1.77E-04,0.001590106,0.157773852,0.001590106,0.044699647,0.015724382,0.087809187,0.231272085,0.023498233,0.06590106,0.010070671,,,,,,,,,,,,,,,,,,,,
87,paragraph-2-2-34-003.md,0.202329749,0.072580645,0.074731183,0.018817204,1.79E-04,0.001612903,0.122759857,8.96E-04,0.002329749,0.004480287,0.003763441,0.116308244,1.79E-04,0.041756272,0.011648746,0.043189964,0.147132616,0.040322581,0.074014337,0.020967742,,,,,,,,,,,,,,,,,,,,
88,paragraph-2-2-34-004.md,0.056813187,0.028681319,0.045824176,0.024725275,0.019010989,0.014175824,0.104285714,1.10E-04,0.029120879,0.017252747,0.015494505,0.280549451,0.004505495,0.03,0.071318681,0.034835165,0.108241758,0.013736264,0.093736264,0.007582418,,,,,,,,,,,,,,,,,,,,
89,paragraph-2-2-35-001.md,0.065798923,0.046409336,8.98E-05,8.98E-05,8.08E-04,0.010143627,0.135816876,8.98E-05,0.00978456,0.016965889,0.011220826,0.044254937,8.98E-05,0.392549372,0.001885099,0.067953321,0.04497307,0.008707361,0.139766607,0.002603232,,,,,,,,,,,,,,,,,,,,
90,paragraph-2-2-35-002.md,0.060559006,0.033229814,0.007556936,0.028674948,0.016666667,9.32E-04,0.159937888,0.007142857,9.32E-04,0.023291925,0.045238095,0.148757764,0.010455487,0.159937888,0.017494824,0.019565217,0.075465839,0.00300207,0.130538302,0.050621118,,,,,,,,,,,,,,,,,,,,
91,paragraph-2-2-35-003.md,0.053524918,0.015844765,0.008030908,0.066027088,0.012024657,0.014802917,0.187228686,0.050573016,0.010114603,0.032861608,0.012545581,0.180456677,0.021401285,0.084433061,0.010635527,0.073493662,0.028694218,0.013587428,0.114299358,0.009420038,,,,,,,,,,,,,,,,,,,,
92,paragraph-2-2-35-004.md,0.00444457,0.03252746,0.009313781,0.046682142,0.015428604,2.83E-05,0.162524063,0.001500396,0.02494055,0.015315366,0.008634356,0.381525309,0.016108029,0.001047446,0.003878383,2.83E-05,0.130251387,0.01871249,0.122211528,0.00489752,,,,,,,,,,,,,,,,,,,,
93,paragraph-2-2-36-001.md,0.058438819,0.149578059,0.093037975,2.11E-04,0.001898734,0.011181435,0.082911392,2.11E-04,0.172362869,0.001054852,0.006962025,2.11E-04,2.11E-04,0.092194093,0.006118143,0.001054852,0.033122363,0.139451477,0.141983122,0.007805907,,,,,,,,,,,,,,,,,,,,
94,paragraph-2-2-36-002.md,0.030597015,0.170895522,0.078358209,7.46E-04,7.46E-04,0.030597015,0.090298507,7.46E-04,0.314179104,7.46E-04,0.012686567,7.46E-04,0.006716418,0.06641791,7.46E-04,0.003731343,7.46E-04,0.108208955,0.078358209,0.003731343,,,,,,,,,,,,,,,,,,,,
95,paragraph-2-2-37-001.md,0.112721893,0.072485207,0.163609467,0.026331361,0.021597633,0.003846154,0.091420118,0.006213018,0.025147929,0.05591716,0.00739645,2.96E-04,0.003846154,0.006213018,2.96E-04,2.96E-04,0.084319527,0.157692308,0.132840237,0.027514793,,,,,,,,,,,,,,,,,,,,
96,paragraph-2-2-37-002.md,0.024212034,0.031661891,0.088968481,0.049426934,0.015616046,0.007020057,0.300429799,1.43E-04,7.16E-04,0.029369628,0.001289398,0.017335244,0.001862464,0.096418338,1.43E-04,0.006446991,0.057449857,0.18982808,0.078080229,0.003581662,,,,,,,,,,,,,,,,,,,,
97,paragraph-2-2-37-003.md,0.010198456,0.078996692,5.51E-05,0.021223815,0.021444322,0.004906284,0.217916207,0.003803749,0.006229327,0.022767365,0.005788313,0.001157663,0.005126792,0.007331863,0.0146086,5.51E-05,0.099062845,0.337651599,0.140959206,7.17E-04,,,,,,,,,,,,,,,,,,,,
98,paragraph-2-2-38-001.md,0.041963377,0.027721261,0.063326551,0.041963377,0.025686673,0.066378433,0.137589013,0.011444557,0.035859613,0.057222787,0.006358087,2.54E-04,0.001271617,0.070447609,0.006358087,0.017548321,0.069430315,0.109104781,0.176246185,0.033825025,,,,,,,,,,,,,,,,,,,,
99,paragraph-2-2-38-002.md,0.036948177,0.068426104,0.026199616,0.054222649,0.021976967,0.016602687,0.183589251,0.016602687,0.020441459,0.021209213,0.014683301,0.007773512,0.001247601,0.021209213,0.02428023,0.004318618,0.036180422,0.266122841,0.153646833,0.004318618,,,,,,,,,,,,,,,,,,,,
100,paragraph-2-2-38-003.md,0.0852,4.00E-04,0.05,0.074,0.0324,0.0468,0.1092,0.002,0.002,0.1028,0.0244,0.0372,4.00E-04,0.0084,0.002,0.0356,0.178,0.066,0.0996,0.0436,,,,,,,,,,,,,,,,,,,,
101,paragraph-2-2-39-001.md,4.19E-04,0.107621441,0.02721943,4.19E-04,0.003768844,4.19E-04,0.077470687,0.007118928,0.074120603,0.003768844,4.19E-04,0.012144054,4.19E-04,0.112646566,4.19E-04,4.19E-04,0.246649916,0.204773869,0.072445561,0.047319933,,,,,,,,,,,,,,,,,,,,
102,paragraph-2-2-39-002.md,0.008602711,0.045099062,0.013816475,0.0044317,0.003388947,0.020072993,0.072210636,0.001303441,0.037799791,0.08472367,0.030500521,0.0044317,2.61E-04,0.029457769,0.010688217,0.002346194,0.379822732,0.057612096,0.147288843,0.046141814,,,,,,,,,,,,,,,,,,,,
103,paragraph-2-2-39-003.md,0.026344086,0.088709677,0.011290323,0.00483871,0.011290323,0.099462366,0.129569892,0.00483871,0.058602151,0.133870968,5.38E-04,5.38E-04,0.009139785,5.38E-04,5.38E-04,0.024193548,0.097311828,0.181182796,0.114516129,0.002688172,,,,,,,,,,,,,,,,,,,,
104,paragraph-3-1-40-000.md,0.103183692,0.015689418,0.22274393,0.030348145,0.015231333,0.023018781,0.194800733,0.0193541,0.072950069,0.042716445,0.002404947,0.003779203,0.001488777,0.016147503,0.006069629,0.002863033,0.027599634,0.001030692,0.156321576,0.04225836,,,,,,,,,,,,,,,,,,,,
105,paragraph-3-1-41-001.md,0.072119816,0.008525346,0.230645161,0.032488479,2.30E-04,0.002073733,0.12281106,0.02235023,0.11359447,0.048156682,0.012211982,0.005760369,0.029723502,0.045391705,0.120046083,2.30E-04,0.001152074,0.001152074,0.107142857,0.024193548,,,,,,,,,,,,,,,,,,,,
106,paragraph-3-1-41-002.md,0.026791809,0.085494881,0.084129693,0.195392491,0.014505119,0.007679181,0.142832765,0.021331058,0.027474403,0.042491468,0.047269625,0.028156997,0.015870307,0.015870307,0.045904437,0.034982935,0.034982935,0.004266212,0.102559727,0.022013652,,,,,,,,,,,,,,,,,,,,
107,paragraph-3-1-41-003.md,0.045862069,0.058275862,0.058275862,0.198965517,0.012758621,3.45E-04,0.143793103,0.037586207,0.027931034,0.072068966,0.003103448,0.05,0.023793103,0.01137931,0.043103448,0.005862069,0.08862069,3.45E-04,0.084482759,0.033448276,,,,,,,,,,,,,,,,,,,,
108,paragraph-3-1-42-001.md,0.059230769,0.071538462,0.265384615,0.037692308,0.056153846,0.006923077,0.046923077,0.006923077,0.071538462,0.013076923,0.077692308,0.019230769,7.69E-04,0.013076923,0.016153846,0.006923077,0.003846154,0.059230769,0.108461538,0.059230769,,,,,,,,,,,,,,,,,,,,
109,paragraph-3-1-42-002.md,0.011904762,0.011904762,0.354761905,0.011904762,0.002380952,0.011904762,0.021428571,0.002380952,0.002380952,0.069047619,0.05952381,0.002380952,0.002380952,0.05952381,0.002380952,0.088095238,0.030952381,0.164285714,0.069047619,0.021428571,,,,,,,,,,,,,,,,,,,,
110,paragraph-3-1-42-003.md,0.01,0.0356,0.1684,4.00E-04,0.0036,0.0196,0.0948,4.00E-04,0.1604,0.002,0.0356,0.0036,0.026,0.0388,0.0708,4.00E-04,0.1204,0.0308,0.1668,0.0116,,,,,,,,,,,,,,,,,,,,
111,paragraph-3-2-43-001.md,0.035714286,0.035714286,0.035714286,0.035714286,0.035714286,0.321428571,0.035714286,0.035714286,0.035714286,0.035714286,0.035714286,0.035714286,0.035714286,0.035714286,0.035714286,0.035714286,0.035714286,0.035714286,0.035714286,0.035714286,,,,,,,,,,,,,,,,,,,,
112,paragraph-3-2-43-002.md,0.008769408,0.230161012,0.104226567,0.034071305,0.005319149,1.44E-04,0.128953422,0.014519839,0.01279471,0.034646348,0.018545141,0.006469235,0.009344451,0.02947096,1.44E-04,0.001293847,0.052472685,0.01279471,0.252587694,0.043271995,,,,,,,,,,,,,,,,,,,,
113,paragraph-3-2-44-001.md,0.001052878,0.169513336,0.055802527,0.132545625,0.019302761,0.004796444,0.199929808,0.040360318,0.029597567,0.010879738,0.052058961,0.014623304,0.030065512,1.17E-04,0.006200281,0.003860552,0.001520824,0.020238652,0.125526439,0.082007487,,,,,,,,,,,,,,,,,,,,
114,paragraph-3-2-44-002.md,0.026744186,0.299612403,3.88E-04,0.006589147,0.006589147,0.039147287,0.129069767,0.031395349,0.070155039,3.88E-04,0.054651163,3.88E-04,3.88E-04,0.008139535,3.88E-04,0.025193798,3.88E-04,0.026744186,0.160077519,0.113565891,,,,,,,,,,,,,,,,,,,,
115,paragraph-3-2-44-003.md,9.17E-05,0.29440367,0.244862385,9.17E-05,9.17E-05,9.17E-05,0.163027523,9.17E-05,9.17E-05,0.00706422,0.031651376,0.001192661,0.003027523,0.041926606,9.17E-05,9.17E-05,0.00266055,0.011100917,0.17440367,0.023944954,,,,,,,,,,,,,,,,,,,,
116,paragraph-3-2-45-001.md,1.23E-04,0.289506173,0.044567901,0.053950617,0.022345679,1.23E-04,0.190740741,0.006049383,0.005061728,0.003580247,0.004074074,0.015925926,0.031234568,0.001111111,1.23E-04,0.038641975,0.018888889,0.028765432,0.131975309,0.113209877,,,,,,,,,,,,,,,,,,,,
117,paragraph-3-2-45-002.md,0.020090634,0.516767372,0.04244713,0.006193353,7.55E-04,0.017673716,0.160271903,0.007401813,0.014048338,0.010422961,0.018882175,1.51E-04,1.51E-04,1.51E-04,1.51E-04,0.003776435,0.018882175,0.035196375,0.120392749,0.006193353,,,,,,,,,,,,,,,,,,,,
118,paragraph-3-2-45-003.md,0.017507003,0.155322129,0.038235294,0.134033613,1.40E-04,0.016946779,0.174929972,0.007422969,0.003501401,0.03767507,0.020868347,1.40E-04,0.009103641,0.020868347,1.40E-04,0.143557423,0.058963585,1.40E-04,0.158123249,0.002380952,,,,,,,,,,,,,,,,,,,,
119,paragraph-3-2-46-001.md,0.007876106,0.108761062,0.001858407,0.274070796,0.002566372,0.004336283,0.143097345,0.063097345,8.85E-05,0.045044248,0.021681416,0.004336283,0.010707965,0.004336283,0.029823009,0.030884956,0.006106195,0.016725664,0.138495575,0.086106195,,,,,,,,,,,,,,,,,,,,
120,paragraph-3-2-46-002.md,0.030327869,0.112295082,0.122131148,0.210655738,0.017213115,8.20E-04,0.046721311,0.017213115,0.010655738,0.082786885,8.20E-04,0.004098361,8.20E-04,8.20E-04,0.004098361,8.20E-04,0.164754098,8.20E-04,0.128688525,0.043442623,,,,,,,,,,,,,,,,,,,,
121,paragraph-3-2-46-003.md,0.002380952,0.088095238,0.173809524,0.04047619,0.088095238,0.030952381,0.002380952,0.011904762,0.221428571,0.002380952,0.05,0.002380952,0.011904762,0.030952381,0.002380952,0.069047619,0.002380952,0.002380952,0.164285714,0.002380952,,,,,,,,,,,,,,,,,,,,
122,paragraph-3-2-46-004.md,0.002941176,0.026470588,0.002941176,0.238235294,0.038235294,0.038235294,0.132352941,0.002941176,0.002941176,0.014705882,0.002941176,0.002941176,0.132352941,0.002941176,0.002941176,0.155882353,0.002941176,0.097058824,0.097058824,0.002941176,,,,,,,,,,,,,,,,,,,,
123,paragraph-3-2-46-005.md,0.01,0.09,0.01,0.09,0.01,0.05,0.13,0.01,0.01,0.01,0.13,0.01,0.05,0.01,0.01,0.01,0.01,0.01,0.33,0.01,,,,,,,,,,,,,,,,,,,,
124,paragraph-3-2-47-001.md,0.020119729,0.047397189,0.017412806,0.055309735,0.008563248,0.00137949,0.168271733,0.050937012,0.00523165,0.024492452,0.029073399,0.024284227,0.031051536,0.008146799,0.28966684,0.029698074,0.006897449,0.012519521,0.120692348,0.048854763,,,,,,,,,,,,,,,,,,,,
125,paragraph-3-2-47-002.md,2.70E-04,0.257567568,0.166756757,2.70E-04,2.70E-04,2.70E-04,0.102972973,2.70E-04,2.70E-04,0.026216216,0.020810811,0.008918919,0.001351351,2.70E-04,0.145135135,0.004594595,0.052162162,2.70E-04,0.201351351,0.01,,,,,,,,,,,,,,,,,,,,
126,paragraph-3-2-47-003.md,0.002941176,0.144117647,0.167647059,0.002941176,0.002941176,0.002941176,0.144117647,0.002941176,0.002941176,0.085294118,0.002941176,0.002941176,0.002941176,0.014705882,0.179411765,0.002941176,0.002941176,0.002941176,0.191176471,0.038235294,,,,,,,,,,,,,,,,,,,,
127,paragraph-3-2-47-004.md,0.121287129,4.95E-04,0.002475248,0.05,0.024257426,0.055940594,0.131188119,0.057920792,0.067821782,0.053960396,4.95E-04,0.01039604,4.95E-04,0.012376238,0.204455446,0.091584158,0.016336634,4.95E-04,0.097524752,4.95E-04,,,,,,,,,,,,,,,,,,,,
128,paragraph-3-2-47-005.md,0.01825577,0.066685585,0.010688611,0.141978812,0.004634885,0.001229663,0.094684071,0.005769958,0.014850549,0.056848278,0.026579644,9.46E-05,0.050416194,9.46E-05,0.142735528,0.002364737,0.219542187,4.73E-04,0.141978812,9.46E-05,,,,,,,,,,,,,,,,,,,,
129,paragraph-3-3-48-001.md,0.005555556,0.05,0.183333333,0.005555556,0.005555556,0.005555556,0.005555556,0.005555556,0.138888889,0.027777778,0.005555556,0.027777778,0.05,0.316666667,0.005555556,0.005555556,0.027777778,0.005555556,0.116666667,0.005555556,,,,,,,,,,,,,,,,,,,,
130,paragraph-3-3-48-002.md,0.086363636,0.055194805,0.286363636,0.008441558,6.49E-04,0.042207792,0.117532468,6.49E-04,0.037012987,6.49E-04,0.073376623,0.005844156,6.49E-04,0.078571429,0.003246753,0.011038961,0.024025974,6.49E-04,0.075974026,0.091558442,,,,,,,,,,,,,,,,,,,,
131,paragraph-3-3-48-003.md,0.008024691,0.030246914,0.331481481,0.00308642,0.010493827,0.032716049,0.146296296,0.02037037,0.153703704,0.017901235,0.027777778,6.17E-04,0.015432099,0.015432099,0.008024691,0.054938272,0.015432099,0.012962963,0.089506173,0.005555556,,,,,,,,,,,,,,,,,,,,
132,paragraph-3-3-49-001.md,0.025147929,0.013313609,0.339940828,0.021597633,2.96E-04,0.025147929,0.134023669,0.013313609,0.128106509,0.021597633,0.028698225,0.032248521,0.015680473,0.019230769,0.057100592,0.00147929,0.012130178,0.021597633,0.089053254,2.96E-04,,,,,,,,,,,,,,,,,,,,
133,paragraph-3-3-49-002.md,0.0528125,0.0353125,0.3340625,0.0015625,3.13E-04,0.0203125,0.1190625,0.0140625,0.1578125,0.0465625,3.13E-04,3.13E-04,0.0015625,0.0453125,3.13E-04,3.13E-04,3.13E-04,0.0028125,0.1378125,0.0290625,,,,,,,,,,,,,,,,,,,,
134,paragraph-3-3-49-003.md,0.047385621,3.27E-04,0.151960784,0.016013072,0.004248366,0.001633987,0.123202614,3.27E-04,0.116666667,0.008169935,0.026470588,0.112745098,0.019934641,0.001633987,0.149346405,0.080065359,0.044771242,3.27E-04,0.094444444,3.27E-04,,,,,,,,,,,,,,,,,,,,
135,paragraph-3-3-49-004.md,0.036149584,0.047229917,0.078808864,1.39E-04,1.39E-04,0.279362881,0.187950139,0.00900277,0.058310249,0.004570637,0.016204986,1.39E-04,0.001246537,0.002908587,1.39E-04,0.127562327,0.043351801,0.030609418,0.076038781,1.39E-04,,,,,,,,,,,,,,,,,,,,
136,paragraph-3-3-50-001.md,0.003846154,0.003846154,0.126923077,0.003846154,0.019230769,0.065384615,0.034615385,0.019230769,0.019230769,0.034615385,0.142307692,0.003846154,0.003846154,0.003846154,0.003846154,0.003846154,0.419230769,0.003846154,0.003846154,0.080769231,,,,,,,,,,,,,,,,,,,,
137,paragraph-3-3-50-002.md,0.027777778,0.058888889,0.334444444,0.001111111,0.001111111,0.001111111,0.143333333,0.001111111,0.165555556,0.005555556,0.001111111,0.001111111,0.01,0.001111111,0.005555556,0.018888889,0.058888889,0.01,0.152222222,0.001111111,,,,,,,,,,,,,,,,,,,,
138,paragraph-3-3-50-003.md,0.059202454,0.07392638,0.154907975,3.07E-04,0.01993865,0.015030675,0.088650307,0.018711656,0.037116564,3.07E-04,0.123006135,3.07E-04,0.00398773,3.07E-04,3.07E-04,3.07E-04,0.138957055,0.029754601,0.205214724,0.029754601,,,,,,,,,,,,,,,,,,,,
139,paragraph-3-3-50-004.md,0.04009901,0.051980198,0.206435644,0.002475248,4.95E-04,0.004455446,0.04009901,4.95E-04,0.097524752,0.032178218,0.127227723,0.002475248,0.002475248,4.95E-04,0.073762376,4.95E-04,0.184653465,4.95E-04,0.131188119,4.95E-04,,,,,,,,,,,,,,,,,,,,
140,paragraph-3-3-51-001.md,0.13115942,0.081884058,0.125362319,7.25E-04,0.023913043,0.05,0.084782609,0.186231884,0.064492754,0.003623188,0.070289855,0.018115942,7.25E-04,7.25E-04,7.25E-04,0.006521739,0.012318841,0.018115942,0.107971014,0.012318841,,,,,,,,,,,,,,,,,,,,
141,paragraph-3-3-51-002.md,0.019491525,0.036440678,0.173163842,0.056779661,0.034180791,2.82E-04,0.174293785,0.085028249,0.074858757,0.048870056,0.025141243,0.00480226,0.019491525,2.82E-04,0.048870056,0.026271186,0.047740113,2.82E-04,0.044350282,0.079378531,,,,,,,,,,,,,,,,,,,,
142,paragraph-3-3-51-003.md,0.030912863,2.07E-04,0.047510373,0.059958506,0.022614108,0.015145228,0.152904564,0.201037344,0.064937759,0.010165975,0.056639004,0.003526971,0.012655602,2.07E-04,0.119709544,0.045850622,0.005186722,0.004356846,0.119709544,0.026763485,,,,,,,,,,,,,,,,,,,,
143,paragraph-3-4-52-001.md,0.112295082,0.102459016,0.086065574,0.007377049,0.010655738,0.004098361,0.210655738,8.20E-04,0.066393443,0.033606557,0.02704918,8.20E-04,0.036885246,8.20E-04,0.020491803,0.013934426,0.010655738,0.118852459,0.059836066,0.076229508,,,,,,,,,,,,,,,,,,,,
144,paragraph-3-4-52-002.md,0.003513514,0.164594595,0.33,0.004594595,0.005675676,0.001351351,0.086756757,0.006756757,0.119189189,0.007837838,0.018648649,2.70E-04,2.70E-04,0.027297297,2.70E-04,2.70E-04,0.012162162,0.05,0.140810811,0.01972973,,,,,,,,,,,,,,,,,,,,
145,paragraph-3-4-53-001.md,0.05754717,0.06509434,0.151886792,0.099056604,9.43E-04,9.43E-04,0.144339623,0.06509434,0.05754717,0.019811321,0.012264151,9.43E-04,0.012264151,9.43E-04,0.144339623,9.43E-04,0.027358491,0.091509434,0.046226415,9.43E-04,,,,,,,,,,,,,,,,,,,,
146,paragraph-3-4-53-002.md,0.107971014,0.006521739,0.006521739,0.163043478,0.093478261,0.026811594,0.142753623,7.25E-04,0.015217391,0.105072464,0.055797101,0.035507246,0.029710145,0.003623188,7.25E-04,0.023913043,7.25E-04,0.015217391,0.157246377,0.00942029,,,,,,,,,,,,,,,,,,,,
147,paragraph-3-4-53-003.md,0.02080292,0.047080292,0.033941606,0.03540146,0.019343066,0.21350365,0.225182482,0.003284672,0.108394161,0.120072993,0.00620438,3.65E-04,3.65E-04,0.025182482,3.65E-04,0.001824818,3.65E-04,0.06459854,0.045620438,0.02810219,,,,,,,,,,,,,,,,,,,,
148,paragraph-3-4-54-001.md,0.035301837,0.073622047,0.013779528,0.19015748,0.025853018,0.012729659,0.168110236,0.018503937,0.058923885,0.008005249,0.043700787,1.31E-04,0.012729659,0.016404199,0.010104987,0.032152231,0.052624672,0.119816273,0.107217848,1.31E-04,,,,,,,,,,,,,,,,,,,,
149,paragraph-3-4-54-002.md,0.034189723,0.025494071,0.042885375,0.078458498,0.05,0.067391304,0.205731225,0.136956522,0.019960474,0.00256917,0.047628458,9.88E-04,0.019960474,1.98E-04,0.011264822,0.013636364,0.013636364,0.089525692,0.099011858,0.040513834,,,,,,,,,,,,,,,,,,,,
150,paragraph-3-4-54-003.md,0.02260274,0.044520548,0.156849315,0.02260274,0.003424658,6.85E-04,0.197945205,0.082876712,0.060958904,0.066438356,0.052739726,0.019863014,0.017123288,0.003424658,0.071917808,0.088356164,6.85E-04,0.052739726,0.033561644,6.85E-04,,,,,,,,,,,,,,,,,,,,
151,paragraph-3-4-55-000.md,0.0148,0.0404,0.0916,4.00E-04,0.0324,0.002,0.1332,0.0404,4.00E-04,0.0532,0.1044,4.00E-04,0.1108,0.0036,4.00E-04,0.0116,0.1316,0.0788,0.1492,4.00E-04,,,,,,,,,,,,,,,,,,,,
152,paragraph-3-4-55-002.md,3.36E-04,0.044630872,0.055369128,0.086241611,0.051342282,0.023154362,0.173489933,0.055369128,0.003020134,0.012416107,0.052684564,0.095637584,3.36E-04,0.001677852,3.36E-04,0.001677852,0.224496644,0.025838926,0.091610738,3.36E-04,,,,,,,,,,,,,,,,,,,,
153,paragraph-3-4-55-003.md,0.035130112,0.084944238,0.059665428,0.015055762,0.035130112,0.10204461,0.208364312,1.86E-04,0.110966543,1.86E-04,0.014312268,1.86E-04,0.030669145,0.003903346,0.026208178,0.058921933,0.032156134,0.052973978,0.092379182,0.0366171,,,,,,,,,,,,,,,,,,,,
154,paragraph-3-4-56-001.md,0.003488372,0.218992248,0.065503876,0.015891473,3.88E-04,3.88E-04,0.098062016,3.88E-04,0.119767442,3.88E-04,0.001937984,0.00503876,0.060852713,0.003488372,0.189534884,3.88E-04,0.053100775,0.01124031,0.107364341,0.04379845,,,,,,,,,,,,,,,,,,,,
155,paragraph-3-4-56-002.md,0.082432432,0.093243243,0.001351351,0.066216216,0.001351351,0.141891892,0.185135135,0.001351351,0.001351351,0.060810811,0.060810811,0.001351351,0.077027027,0.039189189,0.001351351,0.001351351,0.071621622,0.05,0.055405405,0.006756757,,,,,,,,,,,,,,,,,,,,
156,paragraph-3-4-56-003.md,5.15E-04,0.105670103,0.076804124,0.101546392,0.010824742,0.17371134,0.163402062,0.082989691,0.017010309,0.041752577,5.15E-04,0.00257732,0.008762887,0.008762887,0.012886598,0.025257732,0.033505155,0.021134021,0.074742268,0.037628866,,,,,,,,,,,,,,,,,,,,
157,paragraph-4-1-57-001.md,0.008169935,0.033006536,0.043464052,0.006862745,3.27E-04,0.155882353,0.196405229,0.009477124,0.091830065,3.27E-04,0.030392157,0.009477124,0.001633987,3.27E-04,0.012091503,0.025163399,0.076143791,0.012091503,0.240849673,0.046078431,,,,,,,,,,,,,,,,,,,,
158,paragraph-4-1-57-002.md,0.035224839,0.100321199,0.234368308,9.64E-04,0.003533191,0.004389722,0.119164882,0.016809422,0.23608137,0.001391863,0.007815846,1.07E-04,1.07E-04,0.018522484,0.026659529,1.07E-04,0.028372591,0.011670236,0.152141328,0.002248394,,,,,,,,,,,,,,,,,,,,
159,paragraph-4-1-57-003.md,0.088983051,0.034745763,0.095762712,0.061864407,0.004237288,8.47E-04,0.146610169,8.47E-04,0.221186441,8.47E-04,0.007627119,0.01440678,0.034745763,8.47E-04,0.01440678,0.027966102,0.095762712,0.01779661,0.129661017,8.47E-04,,,,,,,,,,,,,,,,,,,,
160,paragraph-4-1-58-001.md,0.024358974,0.12008547,0.111538462,4.27E-04,4.27E-04,0.034615385,0.096153846,0.002136752,0.287606838,0.044871795,4.27E-04,4.27E-04,4.27E-04,0.092735043,0.003846154,0.002136752,0.020940171,4.27E-04,0.155982906,4.27E-04,,,,,,,,,,,,,,,,,,,,
161,paragraph-4-1-58-002.md,0.001962617,0.148878505,0.019906542,0.001214953,9.35E-05,0.075981308,0.160841121,0.002336449,0.213551402,0.03411215,0.002336449,9.35E-05,0.004205607,0.003831776,0.055046729,0.005700935,0.153364486,0.052429907,0.064018692,9.35E-05,,,,,,,,,,,,,,,,,,,,
162,paragraph-4-1-58-003.md,0.034,0.1108,0.01,0.002,4.00E-04,4.00E-04,0.1764,0.002,0.3172,0.01,4.00E-04,4.00E-04,0.0036,4.00E-04,0.0116,0.0116,0.042,4.00E-04,0.2068,0.0596,,,,,,,,,,,,,,,,,,,,
163,paragraph-4-1-58-004.md,0.017025406,0.125352858,0.03149259,8.82E-05,0.001852505,8.82E-05,0.119001411,0.001852505,0.352946366,0.077011291,0.004322512,8.82E-05,4.41E-04,8.82E-05,0.005028229,0.009615385,0.068542696,0.00855681,0.128528582,0.048076923,,,,,,,,,,,,,,,,,,,,
164,paragraph-4-1-59-001.md,2.52E-05,0.055148915,0.020923776,0.117541646,0.030413932,0.01365472,0.16246845,0.031322564,0.114109036,0.022841999,0.013048965,0.015169107,0.014563352,5.30E-04,0.00911156,0.014462393,0.147425543,0.015774861,0.134199899,0.067264008,,,,,,,,,,,,,,,,,,,,
165,paragraph-4-1-59-003.md,0.018137321,0.024037817,0.012505029,0.023367306,4.36E-04,3.35E-05,0.167258951,0.011029905,0.148484645,0.044153145,7.04E-04,0.001106343,0.007006839,3.35E-05,0.143656967,0.027390371,0.232700818,0.001910956,0.112008851,0.024037817,,,,,,,,,,,,,,,,,,,,
166,paragraph-4-1-60-001.md,0.050898876,0.100337079,0.048202247,0.031573034,0.001460674,0.006404494,0.134494382,0.018539326,0.078764045,0.040561798,0.036067416,0.018988764,0.013595506,1.12E-04,1.12E-04,0.002808989,0.221685393,0.025730337,0.169101124,5.62E-04,,,,,,,,,,,,,,,,,,,,
167,paragraph-4-1-60-002.md,3.03E-04,0.143333333,0.065757576,0.022121212,3.03E-04,3.03E-04,0.174848485,3.03E-04,0.183333333,0.028181818,3.03E-04,0.013636364,0.005151515,0.008787879,0.001515152,0.012424242,0.242727273,0.012424242,0.082727273,0.001515152,,,,,,,,,,,,,,,,,,,,
168,paragraph-4-1-60-003.md,0.010283688,0.170567376,3.55E-04,0.038652482,3.55E-04,0.013120567,0.162056738,3.55E-04,0.156382979,0.004609929,0.010283688,3.55E-04,0.027304965,3.55E-04,0.00177305,0.006028369,0.279787234,0.020212766,0.095390071,0.00177305,,,,,,,,,,,,,,,,,,,,
169,paragraph-4-1-61-001.md,0.052912621,4.85E-04,0.047087379,0.045145631,0.002427184,4.85E-04,0.14223301,4.85E-04,0.132524272,4.85E-04,0.012135922,0.017961165,0.002427184,0.050970874,0.004368932,0.027669903,0.359708738,0.002427184,0.095631068,0.002427184,,,,,,,,,,,,,,,,,,,,
170,paragraph-4-1-61-002.md,1.60E-04,0.07428115,0.013578275,0.016134185,0.004632588,0.00399361,0.126038339,1.60E-04,0.145846645,0.031469649,0.0014377,0.006549521,0.009105431,1.60E-04,0.035303514,7.99E-04,0.408466454,0.010383387,0.076837061,0.034664537,,,,,,,,,,,,,,,,,,,,
171,paragraph-4-1-61-003.md,5.88E-04,0.047647059,5.88E-04,0.106470588,5.88E-04,5.88E-04,0.111176471,5.88E-04,0.075882353,0.085294118,0.031176471,0.026470588,0.005294118,5.88E-04,0.007647059,5.88E-04,0.393529412,5.88E-04,0.104117647,5.88E-04,,,,,,,,,,,,,,,,,,,,
172,paragraph-4-1-61-004.md,0.103531599,0.080483271,1.86E-04,0.064126394,0.016542751,0.061152416,0.173420074,1.86E-04,0.0633829,9.29E-04,0.009107807,0.006133829,0.003903346,0.012825279,0.007620818,9.29E-04,0.278252788,0.001672862,0.105018587,0.010594796,,,,,,,,,,,,,,,,,,,,
173,paragraph-4-1-62-001.md,0.107142857,0.091904762,0.013809524,4.76E-04,0.004285714,0.05,0.08047619,0.025238095,0.213809524,0.061428571,0.029047619,4.76E-04,4.76E-04,0.017619048,0.008095238,0.118571429,0.006190476,0.008095238,0.152857143,0.01,,,,,,,,,,,,,,,,,,,,
174,paragraph-4-1-62-002.md,0.111454047,0.020096022,0.004183813,0.042592593,0.018998628,0.023113855,0.184156379,6.17E-04,0.083196159,0.056584362,0.007201646,0.015980796,0.003909465,0.001989026,0.021193416,0.246982167,0.056310014,6.86E-05,0.087860082,0.01351166,,,,,,,,,,,,,,,,,,,,
175,paragraph-4-1-62-003.md,0.036338798,0.012295082,0.051639344,2.73E-04,0.007923497,0.022131148,0.120491803,2.73E-04,0.170765027,0.064754098,0.003551913,0.013387978,0.002459016,0.005737705,0.204644809,0.080054645,0.062568306,2.73E-04,0.140163934,2.73E-04,,,,,,,,,,,,,,,,,,,,
176,paragraph-4-1-63-001.md,0.092490842,0.127655678,0.018498168,1.83E-04,0.005311355,0.027289377,0.134981685,0.008974359,0.202380952,0.023626374,0.003846154,1.83E-04,0.012637363,0.003113553,0.003113553,0.108608059,0.076373626,1.83E-04,0.126190476,0.024358974,,,,,,,,,,,,,,,,,,,,
177,paragraph-4-1-63-002.md,0.17848723,0.061394892,0.005206287,0.002455796,8.84E-04,0.080255403,0.162770138,0.001669941,0.09086444,0.011493124,0.053536346,0.001277014,9.82E-05,9.82E-05,0.002062868,0.024066798,0.185952849,0.004420432,0.132907662,9.82E-05,,,,,,,,,,,,,,,,,,,,
178,paragraph-4-2-64-001.md,0.00210084,4.20E-04,4.20E-04,4.20E-04,4.20E-04,4.20E-04,0.237394958,0.689495798,4.20E-04,4.20E-04,4.20E-04,4.20E-04,0.003781513,0.00210084,0.047478992,4.20E-04,0.003781513,4.20E-04,4.20E-04,0.008823529,,,,,,,,,,,,,,,,,,,,
179,paragraph-4-2-64-002.md,0.002079208,9.90E-05,8.91E-04,9.90E-05,0.712970297,9.90E-05,0.26980198,0.005643564,0.002079208,0.003663366,9.90E-05,9.90E-05,8.91E-04,9.90E-05,9.90E-05,9.90E-05,9.90E-05,8.91E-04,9.90E-05,9.90E-05,,,,,,,,,,,,,,,,,,,,
180,paragraph-4-2-64-001.md,4.20E-04,4.20E-04,4.20E-04,4.20E-04,4.20E-04,4.20E-04,0.245798319,0.682773109,0.007142857,4.20E-04,0.003781513,4.20E-04,4.20E-04,4.20E-04,0.047478992,0.00210084,4.20E-04,4.20E-04,4.20E-04,0.005462185,,,,,,,,,,,,,,,,,,,,
181,paragraph-4-2-64-002.md,9.90E-05,9.90E-05,4.95E-04,4.95E-04,0.70980198,9.90E-05,0.265445545,0.018712871,0.002079208,9.90E-05,9.90E-05,9.90E-05,9.90E-05,9.90E-05,9.90E-05,9.90E-05,8.91E-04,8.91E-04,9.90E-05,9.90E-05,,,,,,,,,,,,,,,,,,,,
182,paragraph-4-2-64-003.md,3.49E-05,7.33E-04,3.49E-05,5.93E-04,3.49E-05,3.49E-05,0.275122121,0.019434752,3.49E-05,3.49E-05,7.33E-04,1.74E-04,0.555652477,3.49E-05,3.49E-05,1.74E-04,1.74E-04,3.49E-05,0.145464061,0.001430565,,,,,,,,,,,,,,,,,,,,
183,paragraph-4-2-64-003.md,7.33E-04,3.49E-05,0.002407537,3.49E-05,3.49E-05,5.93E-04,0.278471738,0.019155618,3.49E-05,1.74E-04,3.49E-05,3.49E-05,0.554675506,4.54E-04,3.49E-05,1.74E-04,3.49E-05,3.49E-05,0.142812282,3.49E-05,,,,,,,,,,,,,,,,,,,,
184,paragraph-4-2-64-001.md,4.20E-04,4.20E-04,4.20E-04,4.20E-04,4.20E-04,4.20E-04,0.240756303,0.696218487,0.013865546,4.20E-04,4.20E-04,4.20E-04,4.20E-04,0.00210084,0.040756303,4.20E-04,4.20E-04,4.20E-04,4.20E-04,4.20E-04,,,,,,,,,,,,,,,,,,,,
185,paragraph-4-2-64-002.md,9.90E-05,4.95E-04,9.90E-05,4.95E-04,0.69990099,9.90E-05,0.277326733,0.01,0.002871287,9.90E-05,4.95E-04,9.90E-05,9.90E-05,9.90E-05,8.91E-04,0.002871287,4.95E-04,0.002079208,4.95E-04,8.91E-04,,,,,,,,,,,,,,,,,,,,
186,paragraph-4-2-64-003.md,3.49E-05,3.49E-05,0.001430565,4.54E-04,0.001988835,3.49E-05,0.282100488,0.018178646,3.49E-05,3.49E-05,3.49E-05,3.49E-05,0.546859735,3.14E-04,3.49E-05,0.001290998,1.74E-04,1.74E-04,0.146441033,3.14E-04,,,,,,,,,,,,,,,,,,,,
187,paragraph-4-2-64-004.md,2.78E-05,0.105413659,2.78E-05,2.78E-05,2.78E-05,2.78E-05,0.220571904,2.78E-05,0.092531927,0.44811216,1.39E-04,0.001027207,2.78E-05,2.50E-04,0.011132704,0.001138257,0.038117712,5.83E-04,0.080760689,2.78E-05,,,,,,,,,,,,,,,,,,,,
188,paragraph-4-2-64-004.md,2.78E-05,0.104969461,1.39E-04,2.78E-05,0.00247085,2.78E-05,0.215241532,2.78E-05,0.09386452,0.448334259,4.72E-04,2.78E-05,4.72E-04,1.39E-04,0.011243753,0.0023598,0.039450305,2.78E-05,0.080649639,2.78E-05,,,,,,,,,,,,,,,,,,,,
189,paragraph-4-2-65-001.md,1.58E-04,0.282807571,0.001419558,0.01466877,0.05126183,0.032334385,0.17681388,1.58E-04,0.039905363,0.076498423,0.024132492,0.026656151,0.002050473,1.58E-04,1.58E-04,0.001419558,0.045583596,0.008990536,0.203312303,0.011514196,,,,,,,,,,,,,,,,,,,,
190,paragraph-4-2-65-002.md,0.001914894,0.304893617,0.034255319,0.015531915,0.009574468,0.008723404,0.246170213,0.003617021,0.042765957,0.071702128,0.045319149,0.004468085,2.13E-04,0.019787234,0.002765957,0.00106383,0.035106383,0.021489362,0.094680851,0.035957447,,,,,,,,,,,,,,,,,,,,
191,paragraph-4-2-65-003.md,0.006521739,0.199068323,3.11E-04,0.011490683,0.03757764,3.11E-04,0.176708075,0.012732919,0.026397516,0.097204969,0.013975155,3.11E-04,3.11E-04,3.11E-04,0.036335404,3.11E-04,0.258695652,3.11E-04,0.120807453,3.11E-04,,,,,,,,,,,,,,,,,,,,
192,paragraph-4-2-66-001.md,0.023793103,0.08862069,0.030689655,0.003103448,0.004482759,0.085862069,0.116206897,0.001724138,0.312068966,0.09137931,3.45E-04,0.001724138,0.004482759,3.45E-04,3.45E-04,3.45E-04,0.09,3.45E-04,0.113448276,0.030689655,,,,,,,,,,,,,,,,,,,,
193,paragraph-4-2-66-002.md,0.007312253,0.108498024,0.006521739,0.061067194,1.98E-04,0.150395257,0.176482213,1.98E-04,0.092687747,0.125098814,9.88E-04,0.006521739,0.006521739,0.042094862,0.004150198,0.047628458,0.020750988,0.007312253,0.106126482,0.02944664,,,,,,,,,,,,,,,,,,,,
194,paragraph-4-2-66-003.md,0.002994555,0.034936479,0.005898367,0.012794918,0.055989111,0.1176951,0.34092559,0.010980036,0.013157895,9.07E-05,0.008076225,0.018965517,0.040381125,0.004083485,8.17E-04,0.008439201,0.003357532,0.180490018,0.138021779,0.001905626,,,,,,,,,,,,,,,,,,,,
195,paragraph-4-2-66-004.md,0.051550388,0.073255814,0.00503876,0.05,0.014341085,0.020542636,0.277906977,0.003488372,0.08255814,0.081007752,3.88E-04,0.001937984,0.053100775,3.88E-04,3.88E-04,0.01124031,0.076356589,0.012790698,0.156976744,0.026744186,,,,,,,,,,,,,,,,,,,,
196,paragraph-4-2-66-005.md,0.048095238,0.09952381,0.095714286,0.135714286,0.006190476,4.76E-04,0.198571429,4.76E-04,0.164285714,0.08047619,0.01952381,0.004285714,0.004285714,4.76E-04,0.023333333,0.046190476,0.030952381,0.01,0.029047619,0.002380952,,,,,,,,,,,,,,,,,,,,
197,paragraph-4-2-66-006.md,2.35E-04,0.054694836,0.00399061,0.113849765,2.35E-04,0.07629108,0.228403756,0.008685446,0.033098592,0.034976526,0.020892019,0.058450704,0.009624413,0.006807512,0.021830986,0.022769953,0.191784038,0.001173709,0.111971831,2.35E-04,,,,,,,,,,,,,,,,,,,,
198,paragraph-4-2-67-001.md,0.008222222,0.040222222,0.01,0.066888889,0.004666667,0.018888889,0.177111111,0.009111111,0.135333333,0.039333333,0.007333333,0.001111111,2.22E-04,0.018,0.044666667,0.298888889,0.015333333,2.22E-04,0.098,0.006444444,,,,,,,,,,,,,,,,,,,,
199,paragraph-4-2-67-002.md,0.042039801,0.032089552,0.012189055,2.49E-04,0.003233831,2.49E-04,0.281840796,0.005223881,0.09278607,0.12960199,2.49E-04,2.49E-04,0.003233831,2.49E-04,0.026119403,0.247014925,2.49E-04,0.003233831,0.084825871,0.035074627,,,,,,,,,,,,,,,,,,,,
200,paragraph-4-2-67-003.md,0.083962264,0.027358491,0.03490566,9.43E-04,0.027358491,0.012264151,0.06509434,9.43E-04,0.031132075,0.129245283,9.43E-04,9.43E-04,0.008490566,9.43E-04,9.43E-04,0.227358491,0.03490566,0.144339623,0.151886792,0.016037736,,,,,,,,,,,,,,,,,,,,
201,paragraph-4-2-67-004.md,0.060687023,0.010305344,0.004707379,0.014885496,0.005725191,0.038804071,0.211832061,0.001653944,0.055597964,0.038295165,0.003689567,0.005216285,0.009796438,0.005216285,0.022519084,0.397582697,0.001145038,0.015903308,0.096310433,1.27E-04,,,,,,,,,,,,,,,,,,,,
202,paragraph-4-2-68-001.md,0.040588235,0.075882353,5.88E-04,0.002941176,0.007647059,0.082941176,0.212352941,5.88E-04,0.212352941,0.108823529,5.88E-04,0.007647059,0.007647059,5.88E-04,5.88E-04,0.115882353,0.014705882,0.014705882,0.087647059,0.005294118,,,,,,,,,,,,,,,,,,,,
203,paragraph-4-2-68-002.md,0.03089172,0.03343949,0.065286624,0.109872611,0.021974522,3.18E-04,0.128980892,0.015605096,0.065286624,0.035987261,0.001592357,0.048726115,0.053821656,0.007961783,0.035987261,0.055095541,3.18E-04,0.146815287,0.079299363,0.062738854,,,,,,,,,,,,,,,,,,,,
204,paragraph-4-2-68-003.md,0.003113553,0.047802198,0.022161172,0.085164835,0.021428571,0.027289377,0.206043956,0.044139194,0.044139194,0.025091575,0.03021978,0.030952381,1.83E-04,0.001648352,0.028021978,0.04047619,1.83E-04,0.184798535,0.135714286,0.021428571,,,,,,,,,,,,,,,,,,,,
205,paragraph-4-2-68-004.md,0.008415842,0.05,0.073762376,0.053960396,4.95E-04,0.097524752,0.085643564,0.02029703,0.087623762,0.129207921,0.065841584,0.004455446,0.002475248,4.95E-04,0.057920792,0.055940594,4.95E-04,0.111386139,0.075742574,0.018316832,,,,,,,,,,,,,,,,,,,,
206,paragraph-4-3-69-001.md,0.086997319,0.030160858,0.001206434,0.09075067,0.018364611,0.020509383,0.151340483,0.015147453,0.223190349,0.029088472,0.062868633,0.007104558,0.021045576,0.001206434,0.006032172,0.03766756,0.001742627,0.010857909,0.09772118,0.086997319,,,,,,,,,,,,,,,,,,,,
207,paragraph-4-3-69-002.md,0.060412574,0.031466929,0.05124427,0.01037983,0.012344466,0.005533726,0.227013752,0.020072037,0.107432875,0.027799607,0.205533726,0.005271775,0.017976424,0.003831041,0.010117878,0.023608382,0.007367387,0.012737394,0.133235102,0.026620825,,,,,,,,,,,,,,,,,,,,
208,paragraph-4-3-69-003.md,0.021331399,0.050940282,0.018930679,0.036235871,0.007327198,0.013128939,0.186681004,0.006526958,0.121261378,0.03093428,0.260603181,0.014829449,0.012828849,2.25E-04,0.004026208,0.02413224,0.018530559,0.013429029,0.130064019,0.02803341,,,,,,,,,,,,,,,,,,,,
209,paragraph-4-3-69-004.md,0.006950147,0.037917889,0.01340176,9.68E-04,0.010821114,0.00941349,0.177859238,7.33E-04,0.22431085,0.05797654,0.128123167,3.81E-04,0.002961877,0.004134897,0.141143695,0.023372434,0.034633431,0.007067449,0.117800587,2.93E-05,,,,,,,,,,,,,,,,,,,,
210,paragraph-4-3-70-001.md,0.025051975,0.111538462,0.008004158,0.015072765,0.005509356,0.006340956,0.134823285,1.04E-04,0.112370062,0.058731809,0.207588358,0.002182952,5.20E-04,0.003014553,0.021725572,1.04E-04,0.116528067,0.007588358,0.141060291,0.022141372,,,,,,,,,,,,,,,,,,,,
211,paragraph-4-3-70-002.md,0.047073171,0.146585366,2.44E-04,0.004146341,0.026585366,0.043170732,0.122195122,0.003170732,0.05,0.026585366,0.232439024,2.44E-04,2.44E-04,0.001219512,0.019756098,0.033414634,0.067560976,0.007073171,0.160243902,0.00804878,,,,,,,,,,,,,,,,,,,,
212,paragraph-4-3-70-003.md,4.00E-04,0.1588,4.00E-04,4.00E-04,0.0212,0.0308,0.0548,4.00E-04,0.1364,0.074,0.1252,0.002,4.00E-04,0.0324,0.026,0.002,0.1556,0.0052,0.1732,4.00E-04,,,,,,,,,,,,,,,,,,,,
213,paragraph-4-3-71-001.md,8.09E-04,0.100485437,0.015695793,0.023462783,0.009223301,0.02605178,0.191747573,0.002750809,0.182686084,0.026699029,0.140614887,0.003398058,0.006634304,0.033171521,0.006634304,0.012459547,0.040938511,1.62E-04,0.17038835,0.005987055,,,,,,,,,,,,,,,,,,,,
214,paragraph-4-3-71-002.md,0.024162982,0.08228048,0.010265319,0.002053064,0.0039482,0.027953253,0.204832596,0.03679722,0.139134555,0.083543904,0.159349337,1.58E-04,0.009001895,0.026689829,0.032375237,0.001421352,0.002684776,7.90E-04,0.140397979,0.012160455,,,,,,,,,,,,,,,,,,,,
215,paragraph-4-3-71-003.md,0.040962099,0.059037901,0.029300292,0.056705539,0.003644315,0.203061224,0.192565598,0.022303207,0.067784257,0.091690962,0.046209913,0.008892128,0.010641399,0.004227405,1.46E-04,1.46E-04,0.021137026,0.010641399,0.105685131,0.025218659,,,,,,,,,,,,,,,,,,,,
216,paragraph-4-3-71-004.md,5.06E-05,0.017239636,0.008341759,0.073255814,0.077300303,0.134327604,0.200050556,0.022901921,0.061122346,0.019059656,0.100758342,0.026137513,0.029373104,5.06E-05,0.024519717,0.009150657,0.02148635,0.046157735,0.110869565,0.017846309,,,,,,,,,,,,,,,,,,,,
217,paragraph-4-3-71-006.md,0.003581662,0.061461318,0.043696275,0.011031519,0.024212034,0.133667622,0.163467049,1.43E-04,0.100429799,0.025358166,0.138252149,7.16E-04,0.00530086,0.004154728,0.003008596,0.070057307,0.023065903,0.025931232,0.162320917,1.43E-04,,,,,,,,,,,,,,,,,,,,
218,paragraph-4-3-72-001.md,0.024112257,0.03419244,0.051145475,5.15E-04,0.002119129,0.030068729,0.171649485,0.00532646,0.09696449,0.02021764,0.039461627,2.86E-04,0.025715922,0.009221077,0.029152348,0.254810997,0.009679267,0.005555556,0.162485682,0.027319588,,,,,,,,,,,,,,,,,,,,
219,paragraph-4-3-72-002.md,0.01342711,0.055882353,0.058951407,0.021611253,0.022634271,0.04769821,0.135677749,0.001150895,0.144373402,0.030306905,0.043606138,1.28E-04,1.28E-04,0.006265985,0.031329923,0.233375959,0.014961637,1.28E-04,0.132608696,0.005754476,,,,,,,,,,,,,,,,,,,,
220,paragraph-4-3-72-003.md,0.024750831,0.049335548,0.073920266,0.011461794,0.016112957,0.01345515,0.154318937,0.003488372,0.116445183,0.024086379,0.073920266,0.006146179,0.01744186,1.66E-04,0.011461794,0.168272425,0.019435216,0.083222591,0.129734219,0.00282392,,,,,,,,,,,,,,,,,,,,
221,paragraph-4-3-72-004.md,0.028765432,0.040617284,0.033209877,0.036666667,0.026296296,0.021358025,0.172469136,0.033209877,0.11962963,0.050493827,0.082592593,0.00308642,0.012962963,6.17E-04,0.013950617,0.152222222,0.011975309,0.035185185,0.117654321,0.007037037,,,,,,,,,,,,,,,,,,,,
222,paragraph-4-3-73-001.md,5.52E-04,0.016445916,0.004083885,0.006732892,1.10E-04,0.053090508,0.182450331,1.10E-04,0.102538631,0.054415011,0.089735099,0.003200883,1.10E-04,1.10E-04,0.263245033,0.027041943,0.074282561,9.93E-04,0.118874172,0.00187638,,,,,,,,,,,,,,,,,,,,
223,paragraph-4-3-73-002.md,4.35E-04,0.023043478,0.043913043,4.35E-04,0.010869565,0.078695652,0.083913043,4.35E-04,0.092608696,0.083913043,0.099565217,0.002173913,0.010869565,0.026521739,0.22826087,0.076956522,4.35E-04,0.010869565,0.125652174,4.35E-04,,,,,,,,,,,,,,,,,,,,